Chapter,Token,num_occurences
1,a,52
1,about,8
1,across,2
1,actually,1
1,advice,1
1,advise,1
1,afraid,1
1,after,5
1,afterwards,1
1,again,4
1,against,1
1,air,2
1,alas,2
1,alice,28
1,all,10
1,almost,1
1,along,1
1,aloud,1
1,altogether,1
1,am,1
1,among,2
1,an,2
1,and,65
1,another,3
1,answer,1
1,antipathies,1
1,anxiously,1
1,any,4
1,anything,2
1,are,1
1,as,14
1,ask,2
1,asking,1
1,at,11
1,ate,1
1,australia,1
1,away,1
1,back,2
1,bank,1
1,bat,2
1,bats,4
1,be,13
1,beasts,1
1,beautifully,2
1,because,1
1,beds,1
1,been,1
1,before,5
1,began,3
1,begin.,1
1,beginning,1
1,begun,2
1,behind,2
1,belong,1
1,best,1
1,bit,2
1,bleeds,1
1,blown,1
1,book,3
1,bookshelves,1
1,bottle,4
1,box,2
1,brave,1
1,bright,1
1,brightened,1
1,bring,1
1,burn,1
1,burning,1
1,burnt,1
1,but,21
1,buttered,1
1,by,6
1,cake,3
1,came,3
1,can,2
1,candle,3
1,care,1
1,cat,1
1,catch,1
1,cats,4
1,centre,1
1,certain,1
1,certainly,1
1,chapter,1
1,cheated,1
1,cherrytart,1
1,child,1
1,children,1
1,climb,1
1,close,2
1,come,3
1,coming,1
1,common,1
1,considering,2
1,conversations,2
1,cool,1
1,corner,2
1,could,8
1,couldn,1
1,country,1
1,creep,1
1,cried,1
1,croquet,1
1,crying,1
1,cupboards,2
1,curiosity,1
1,curious,2
1,currants,1
1,curtain,1
1,curtsey,1
1,curtseying,1
1,custard,1
1,cut,1
1,daisies,1
1,daisychain,1
1,dark,3
1,day,1
1,dear,3
1,decided,1
1,deep,2
1,deeply,1
1,delight,1
1,did,3
1,didn,2
1,dinah,5
1,dipped,1
1,disagree,1
1,disappointment,1
1,distancebut,1
1,do,9
1,don,1
1,door,7
1,doors,2
1,doorway,1
1,down,23
1,downward,1
1,dozing,1
1,dream,1
1,dreamy,1
1,drink,3
1,drop,1
1,dry,1
1,dull,1
1,earnestly,1
1,ears,2
1,earth,2
1,eat,7
1,eaten,1
1,eats,1
1,either,6
1,else,1
1,empty,1
1,end,2
1,enough,1
1,even,3
1,ever,4
1,every,1
1,except,1
1,expecting,1
1,eye,1
1,eyes,2
1,face,1
1,fact,1
1,fall,4
1,fallen,1
1,falling,2
1,fancy,1
1,fear,1
1,feel,2
1,feeling,1
1,feet,2
1,fell,4
1,felt,2
1,few,2
1,field,1
1,fifteen,1
1,filled,1
1,find,2
1,finding,2
1,finger,1
1,finished,2
1,first,4
1,fitted,1
1,flame,1
1,flashed,1
1,flavour,1
1,flowers,1
1,followed,1
1,fond,1
1,for,21
1,forgotten,2
1,fortunately,1
1,found,7
1,fountains,1
1,four,1
1,friends,1
1,from,3
1,funny,1
1,further,1
1,game,1
1,garden,4
1,gave,1
1,generally,2
1,get,7
1,getting,3
1,girl,1
1,glad,1
1,glass,3
1,go,2
1,going,6
1,golden,3
1,good,3
1,got,4
1,grand,1
1,great,2
1,grow,2
1,growing,1
1,had,20
1,half,1
1,hall,4
1,hand,3
1,hanging,1
1,happen,2
1,happened,2
1,happens,2
1,hardly,1
1,have,2
1,having,3
1,head,3
1,heads,1
1,heap,1
1,hear,2
1,hedge,1
1,her,26
1,here,4
1,herself,13
1,high,2
1,histories,1
1,hold,1
1,holding,1
1,home,1
1,hope,1
1,hoping,1
1,hot,2
1,house,1
1,how,9
1,however,3
1,hung,1
1,hurried,1
1,hurry,1
1,hurrying,1
1,hurt,1
1,i,36
1,idea,1
1,if,10
1,ignorant,1
1,impossible,1
1,in,26
1,inches,2
1,indeed,2
1,into,9
1,is,6
1,it,67
1,its,1
1,itself,1
1,jar,2
1,jumped,1
1,just,3
1,key,6
1,killing,1
1,knelt,1
1,knew,1
1,knife,1
1,know,3
1,knowledge,1
1,label,1
1,labelled,1
1,lamps,1
1,large,3
1,larger,2
1,late,2
1,lately,1
1,later,1
1,latitude,2
1,learnt,1
1,leave,1
1,leaves,1
1,led,1
1,left,1
1,legs,1
1,lessons,1
1,let,1
1,letters,1
1,life,1
1,like,11
1,likely,1
1,listen,1
1,listening,1
1,lit,1
1,little,15
1,ll,9
1,lock,1
1,locked,1
1,locks,1
1,long,3
1,longed,1
1,longer,1
1,longitude,2
1,look,3
1,looked,4
1,lost,1
1,loveliest,1
1,lovely,1
1,low,2
1,lying,1
1,m,1
1,ma,1
1,made,2
1,make,2
1,makes,2
1,making,1
1,manage,1
1,managed,1
1,many,2
1,maps,1
1,marked,4
1,marmalade,1
1,matter,1
1,me,12
1,mice,1
1,middle,1
1,might,4
1,miles,2
1,milk,1
1,mind,2
1,minute,1
1,minutes,1
1,miss,1
1,mixed,1
1,moment,4
1,more,1
1,mouse,1
1,much,6
1,must,2
1,my,5
1,name,1
1,natural,1
1,near,1
1,neck,1
1,nervous,1
1,never,5
1,new,1
1,next,1
1,nice,3
1,no,11
1,nor,1
1,not,16
1,nothing,7
1,noticed,2
1,now,4
1,occurred,1
1,of,41
1,off,6
1,oh,4
1,on,15
1,once,4
1,one,9
1,only,2
1,open,1
1,opened,2
1,opportunity,1
1,or,12
1,orange,1
1,other,2
1,ought,1
1,out,11
1,outoftheway,2
1,over,3
1,overhead,1
1,own,2
1,paper,1
1,passage,3
1,passed,1
1,past,1
1,peeped,1
1,pegs,1
1,people,4
1,perhaps,1
1,person,1
1,picking,1
1,pictures,3
1,pineapple,1
1,pink,1
1,plainly,1
1,playing,1
1,please,1
1,pleasure,1
1,plenty,1
1,poison,3
1,poker,1
1,poor,4
1,pop,1
1,possibly,1
1,practice,1
1,presently,1
1,pretend,1
1,pretending,1
1,printed,1
1,put,2
1,question,1
1,quite,4
1,rabbit,6
1,rabbithole,3
1,ran,2
1,rate,2
1,rather,3
1,rathole,1
1,re,1
1,reach,2
1,read,1
1,reading,1
1,really,1
1,redhot,1
1,remained,1
1,remarkable,1
1,remember,3
1,remembered,1
1,respectable,1
1,right,4
1,roast,1
1,roof,1
1,round,3
1,row,1
1,rules,2
1,s,8
1,sadly,1
1,said,8
1,same,1
1,sat,1
1,saucer,1
1,saw,2
1,say,6
1,saying,2
1,schoolroom,1
1,scolded,1
1,second,1
1,see,10
1,seem,1
1,seemed,3
1,seen,3
1,seldom,1
1,set,1
1,several,2
1,severely,1
1,shall,5
1,sharply,1
1,she,80
1,shelves,1
1,should,2
1,shoulders,1
1,showing,1
1,shrink,1
1,shut,1
1,shutting,2
1,side,1
1,sides,1
1,sight,1
1,simple,1
1,sister,2
1,sitting,1
1,size,2
1,sleepy,2
1,slippery,1
1,slowly,1
1,small,3
1,smaller,1
1,so,14
1,solid,1
1,some,1
1,somebody,1
1,sometimes,2
1,somewhere,1
1,somewhere.,1
1,soon,4
1,sooner,1
1,sort,3
1,sound,1
1,spokefancy,1
1,stairs,1
1,started,1
1,sticks,1
1,still,2
1,stopping,1
1,straight,1
1,stupid,2
1,such,3
1,suddenly,5
1,sure,1
1,surprised,1
1,t,5
1,table,5
1,take,1
1,talking,1
1,taste,1
1,taught,1
1,tears,1
1,teatime,1
1,telescope,1
1,telescope.,1
1,telescopes,1
1,tell,1
1,ten,1
1,than,1
1,that,27
1,the,90
1,their,2
1,them,3
1,then,5
1,there,12
1,they,6
1,thing,2
1,things,5
1,think,11
1,this,13
1,those,2
1,though,2
1,thought,8
1,thousand,1
1,threelegged,1
1,through,6
1,thump,2
1,time,8
1,tiny,1
1,tired,2
1,to,74
1,toast,1
1,toffee,1
1,tonight,1
1,too,5
1,took,2
1,top,2
1,tried,5
1,trouble,1
1,true,1
1,truth,1
1,trying,3
1,tumbling,1
1,tunnel,1
1,turkey,1
1,turned,2
1,twice,1
1,two,2
1,under,3
1,underneath,1
1,unpleasant,1
1,up,12
1,upon,4
1,use,5
1,usually,1
1,ve,2
1,ventured,1
1,very,23
1,waistcoatpocket,2
1,waited,1
1,waiting,1
1,walk,1
1,walked,1
1,walking,1
1,wander,1
1,was,53
1,watch,2
1,way,11
1,well,7
1,went,7
1,were,8
1,what,10
1,when,10
1,whether,2
1,which,9
1,while,1
1,whiskers,1
1,white,2
1,who,1
1,why,2
1,wild,1
1,will,1
1,wind,1
1,wise,1
1,wish,2
1,with,11
1,without,2
1,wonder,6
1,wondered,1
1,wondering,1
1,word,1
1,words,3
1,work,1
1,world,1
1,worth,1
1,would,7
1,wouldn,1
1,written,1
1,yes,1
1,you,19
1,your,1
1,zealand,1
2,,1
2,a,47
2,able,1
2,about,11
2,ada,1
2,afraid,2
2,after,3
2,again,9
2,again.,1
2,against,1
2,age,1
2,ago,1
2,ah,1
2,alas,1
2,alice,26
2,all,17
2,almost,2
2,alone,1
2,along,1
2,altogether,1
2,always,1
2,am,4
2,an,1
2,and,79
2,andoh,2
2,angry,1
2,animal,1
2,animals,1
2,another,1
2,answer,1
2,any,5
2,anything,1
2,are,3
2,as,23
2,ashamed,1
2,ask,1
2,at,9
2,avoid,1
2,away,3
2,back,4
2,bad,1
2,bathing,1
2,be,18
2,been,4
2,before,3
2,beg,3
2,began,6
2,behind,1
2,being,3
2,belongs,1
2,besides,1
2,best,1
2,birds,1
2,boots,1
2,brighteyed,1
2,bristling,1
2,brother,1
2,brown,1
2,burst,1
2,but,11
2,by,5
2,called,1
2,came,3
2,can,7
2,capital,3
2,carrier,1
2,case,1
2,cat,1
2,catching,1
2,cats,6
2,cats.,1
2,cause,1
2,certain,2
2,change,2
2,changed,3
2,chapter,1
2,chatte,1
2,cheerfully,1
2,child,1
2,children,2
2,chin,1
2,christmas.,1
2,claws,1
2,clear,1
2,coast,1
2,come,6
2,coming,1
2,commotion,1
2,conclusion,1
2,conqueror.,1
2,conversation,1
2,could,7
2,creatures,1
2,cried,8
2,crocodile,1
2,crossed,1
2,crowded,1
2,cry,1
2,crying,1
2,curious,1
2,curiouser,2
2,curly,1
2,d,2
2,daresay,1
2,darkness,1
2,deal,2
2,dear,10
2,dears,1
2,declare,1
2,deep,1
2,desperate,1
2,did,2
2,didn,1
2,different,1
2,digging,1
2,dinah,1
2,dinner,1
2,directions,1
2,distance,1
2,do,5
2,dodo,1
2,doesn,3
2,dog,1
2,dogs,2
2,dogs.,1
2,don,3
2,done,2
2,door,3
2,doth,2
2,down,11
2,dressed,1
2,dried,1
2,dropped,2
2,drowned,1
2,duchess,2
2,duck,1
2,eagerly,1
2,eaglet,1
2,either,1
2,else,1
2,end,1
2,english,3
2,escape,1
2,esq.,1
2,est,1
2,ever,4
2,every,2
2,everything,3
2,existence,1
2,eye,1
2,eyes,3
2,face,1
2,faceand,1
2,fact,1
2,fallen,2
2,family,1
2,fan,4
2,fancy,1
2,fanning,1
2,far,2
2,farmer,1
2,feeling,1
2,feelings,1
2,feet,8
2,felt,2
2,fender,1
2,fetch,1
2,filled,1
2,find,3
2,fire,1
2,first,4
2,fishes,1
2,five,1
2,fondofof,1
2,foot,2
2,for,16
2,forgot,2
2,found,2
2,four,4
2,french,2
2,fright,1
2,frightened,1
2,from,1
2,funny,1
2,gallons,1
2,garden,3
2,gave,1
2,general,1
2,gently,1
2,geography,1
2,get,3
2,getting,2
2,girl,1
2,give,1
2,glad,1
2,glass,1
2,gloves,4
2,go,10
2,goes,1
2,going,1
2,golden,3
2,good,2
2,goodbye,1
2,got,2
2,grammar,1
2,great,5
2,grin,1
2,growing,1
2,guess,1
2,had,11
2,hadn,1
2,hair,2
2,half,3
2,hall,3
2,hand,1
2,hands,2
2,happened,1
2,hard,2
2,harm,1
2,hastily,3
2,hate,1
2,hated,1
2,have,5
2,having,1
2,he,6
2,head,1
2,heads,2
2,hear,1
2,heard,3
2,hearthrug,1
2,help,1
2,her,28
2,here,5
2,herself,8
2,high,4
2,himself,1
2,hippopotamus,1
2,his,3
2,history,2
2,hoarse,1
2,holding,1
2,hopeless,1
2,hot,1
2,house,2
2,houses,1
2,how,13
2,however,3
2,hundred,1
2,hurried,1
2,hurry,2
2,hurt,1
2,i,72
2,idea,1
2,if,15
2,ii,1
2,improve,1
2,in,35
2,inches,1
2,indeed,2
2,inquisitively,1
2,into,4
2,is,14
2,isoh,1
2,it,38
2,its,3
2,jaws,1
2,just,4
2,kept,2
2,key,2
2,kid,3
2,kills,1
2,kind,1
2,knew,1
2,know,6
2,knowledge,1
2,knows,1
2,lap,1
2,large,2
2,largest,1
2,latin,1
2,lazily,1
2,leap,1
2,learn,1
2,led,1
2,lessonbook,1
2,lessons,2
2,let,6
2,licking,1
2,life,1
2,like,9
2,likely,1
2,little,17
2,live,1
2,ll,12
2,lodging,1
2,london,1
2,long,3
2,look,3
2,looked,3
2,lory,1
2,love,1
2,low,3
2,lying,2
2,m,13
2,ma,1
2,mabel,4
2,machines,1
2,made,3
2,make,1
2,making,1
2,manage,2
2,many,1
2,me,6
2,measure,1
2,miceoh,1
2,might,1
2,mind,1
2,mine,1
2,moment,3
2,more,3
2,morning,1
2,mouse,16
2,mousea,1
2,mouseo,1
2,mouseof,1
2,mouseto,1
2,much,3
2,multiplication,1
2,must,9
2,muttering,1
2,my,4
2,myself,1
2,name,1
2,narrow,1
2,nasty,1
2,near,3
2,nearer,1
2,nearly,1
2,neatly,1
2,never,4
2,new,1
2,next,2
2,nice,2
2,nicely,1
2,night,1
2,nile,1
2,nine,2
2,no,5
2,nonsense,1
2,not,8
2,not.,1
2,nothing,1
2,notion,1
2,now,8
2,number,1
2,nurseand,1
2,o,2
2,odd,1
2,of,33
2,off,4
2,offended,2
2,oh,9
2,on,17
2,once,2
2,one,8
2,only,3
2,opening,1
2,or,3
2,other,2
2,ought,1
2,our,3
2,out,9
2,outoftheway,1
2,over,4
2,own,2
2,o√π,1
2,pair,2
2,pale,1
2,pardon,2
2,paris,2
2,party,1
2,passion,1
2,passionate,1
2,pattering,1
2,paws,1
2,perhaps,3
2,person,1
2,planning,1
2,play,1
2,please,1
2,poky,1
2,pool,8
2,poor,5
2,pounds,1
2,pour,1
2,presents,1
2,punished,1
2,purring,1
2,put,3
2,putting,1
2,puzzle,1
2,puzzling,1
2,queer,3
2,question,1
2,quiet,1
2,quite,5
2,quiver,1
2,rabbit,4
2,railway,2
2,ran,1
2,rapidly,1
2,rate,2
2,rather,2
2,rats,1
2,reaching,1
2,ready,1
2,really,1
2,remember,2
2,remembered,2
2,repeat,1
2,returning,1
2,right,3
2,ringlets,2
2,rome,1
2,romeno,1
2,roof,1
2,round,2
2,row,1
2,s,16
2,said,12
2,salt,1
2,same,5
2,sand,1
2,sat,1
2,savage,1
2,say,3
2,saying,2
2,says,2
2,scale,1
2,sea,2
2,seaside,1
2,see,6
2,seem,1
2,seemed,3
2,seems,1
2,seen,1
2,sending,1
2,sentence,1
2,seven,1
2,several,1
2,shall,5
2,shan,1
2,she,69
2,shedding,1
2,shining,1
2,shoes,1
2,shore,2
2,should,2
2,show,2
2,shrill,1
2,shrinking,2
2,shut,1
2,side,1
2,sight,1
2,signify,1
2,sir,1
2,sit,1
2,sits,1
2,six,1
2,skurried,1
2,slipped,2
2,slowly,1
2,small,3
2,smiling,1
2,so,15
2,soft,1
2,softly,1
2,some,1
2,somebody,1
2,somehow,1
2,something,1
2,soon,3
2,soothing,1
2,sorrowful,1
2,sorts,2
2,sounded,1
2,spades,1
2,speak,2
2,speaking,1
2,speed,1
2,splash,1
2,splashing,1
2,splendidly,1
2,spread,1
2,started,1
2,station,1
2,stay,2
2,still,1
2,stockings,1
2,stop,1
2,strange,1
2,struck,1
2,subject,2
2,such,9
2,sudden,3
2,suppose,1
2,sure,5
2,surprised,2
2,swam,5
2,swimming,2
2,t,16
2,table,3
2,tail,2
2,take,1
2,talk,4
2,talking,3
2,tears,6
2,telescope,1
2,tell,3
2,terrier,1
2,than,3
2,that,26
2,the,93
2,their,3
2,them,6
2,themand,1
2,then,7
2,there,4
2,these,1
2,they,6
2,thing,4
2,things,6
2,thingsi,1
2,think,4
2,thinking,1
2,thirteen,1
2,this,12
2,those,1
2,thought,9
2,through,2
2,throw,1
2,till,1
2,time,5
2,times,3
2,timid,1
2,tired,2
2,to,57
2,today,1
2,today.,1
2,tone,2
2,too,2
2,took,2
2,toys,1
2,trembling,2
2,trotting,1
2,trouble,1
2,try,3
2,trying,1
2,trying.,1
2,turned,1
2,twelve,1
2,twenty,1
2,two,1
2,understand,2
2,until,1
2,up,10
2,us,1
2,use,2
2,used,2
2,useful,1
2,usual,1
2,ve,4
2,very,7
2,violently,1
2,voice,4
2,vulgar,1
2,waiting,1
2,walk,1
2,walrus,1
2,want,1
2,was,35
2,washing,1
2,water,2
2,waters,1
2,way,8
2,we,3
2,welcome,1
2,well,2
2,went,9
2,wept,1
2,were,5
2,what,3
2,when,6
2,wherever,1
2,which,2
2,while,1
2,white,4
2,who,4
2,whole,1
2,why,1
2,will,3
2,william,1
2,wink,1
2,wish,3
2,with,16
2,won,5
2,wonder,2
2,wooden,1
2,words,3
2,world,1
2,worse,1
2,worth,1
2,would,5
2,wrong,1
2,yesterday,1
2,yet,1
2,you,26
2,youare,1
2,your,3
2,yourself,1
3,,1
3,a,47
3,about,4
3,absurd,1
3,acceptance,1
3,accustomed,1
3,added,1
3,addressing,1
3,adjourn,1
3,adoption,1
3,advisable,2
3,afraid,1
3,after,3
3,again,6
3,age,1
3,ah,1
3,ahem,1
3,air,1
3,alice,23
3,all,16
3,all.,1
3,allow,1
3,alone,1
3,along,1
3,aloud,1
3,always,2
3,am,1
3,among,2
3,an,5
3,and,65
3,angrily,1
3,animals,1
3,answer,1
3,anxiously,2
3,any,1
3,anything,2
3,apiece,1
3,archbishop,2
3,are,4
3,argument,1
3,as,16
3,ask,1
3,asked,1
3,asking,1
3,assembled,1
3,at,11
3,atheling,1
3,attending,1
3,audibly,1
3,authority,1
3,away,3
3,back,4
3,bad,1
3,bankthe,1
3,be,10
3,bed,1
3,been,2
3,beg,3
3,began,3
3,begged,1
3,believe,1
3,bend,1
3,bent,1
3,best,3
3,better,1
3,bird,1
3,birds,5
3,both,1
3,bowed,1
3,box,1
3,breath.,1
3,but,12
3,by,3
3,call,1
3,called,4
3,calling,1
3,can,1
3,canary,1
3,canterbury,1
3,capital,1
3,carefully,1
3,case,1
3,cat,2
3,catch,1
3,catching,1
3,caucusrace,2
3,caucusrace.,1
3,cause,2
3,caused,2
3,certainly,1
3,changed,1
3,chapter,1
3,cheered,1
3,children,1
3,choked,1
3,chorus,2
3,circle,1
3,clinging,1
3,close,1
3,cold,1
3,come,2
3,comfits,2
3,coming,1
3,complained,1
3,condemn,1
3,conduct,1
3,confused,1
3,confusion,1
3,conqueror,1
3,conquest,1
3,consultation,1
3,continued,1
3,could,5
3,course,5
3,crab,2
3,cried,1
3,cross,1
3,crossly,1
3,crowded,3
3,crown,1
3,cry,1
3,cunning,1
3,cur,1
3,d,2
3,dare,1
3,daughter,1
3,day,1
3,deal,1
3,dear,4
3,dears,1
3,death.,1
3,declared,1
3,denial,1
3,despair,1
3,did,6
3,didn,1
3,dinah,5
3,distance,1
3,do,8
3,do.,1
3,dodo,12
3,doesn,3
3,don,2
3,down,6
3,draggled,1
3,driest,1
3,dripping,1
3,dry,6
3,duck,2
3,eagerly,2
3,eaglet,2
3,earls,2
3,easily,1
3,easy,1
3,eat,2
3,edgar,1
3,edwin,2
3,either,1
3,elegant,1
3,else,2
3,energetic,1
3,english,2
3,enough,3
3,even,1
3,ever,2
3,everybody,1
3,exact,1
3,exactly,1
3,explain,1
3,eyes,1
3,familiarly,1
3,favoured,1
3,feathers,1
3,feet,1
3,felt,2
3,fetch,1
3,few,1
3,fifth,1
3,find,3
3,finger,2
3,finish,2
3,finished,1
3,first,3
3,fixed,1
3,footsteps,1
3,for,8
3,forehead,1
3,found,4
3,frog,1
3,frowning,1
3,fur,1
3,fury,2
3,generally,1
3,get,3
3,getting,3
3,give,1
3,go,2
3,going,1
3,got,3
3,grave,1
3,gravely,1
3,great,1
3,growled,1
3,had,14
3,hadn,1
3,half,4
3,hand,2
3,handed,1
3,has,2
3,hastily,1
3,hatec,1
3,have,4
3,he,2
3,head,2
3,heard,1
3,help,1
3,her,12
3,here,5
3,herself,4
3,hide,1
3,high,1
3,him,3
3,his,3
3,history,1
3,hold,1
3,home,1
3,hoping,1
3,hour,1
3,house,1
3,how,4
3,however,3
3,humbly,1
3,hurried,1
3,hurriedly,1
3,i,37
3,idea,2
3,if,6
3,iii,1
3,immediate,1
3,impatiently,1
3,important,1
3,in,25
3,inclined,1
3,indeed,2
3,insolence,1
3,insult,1
3,into,1
3,is,10
3,it,37
3,it.,1
3,its,6
3,itself,1
3,joined,1
3,judge,2
3,jury,2
3,kept,2
3,knot,1
3,know,11
3,knowing,1
3,known,1
3,large,2
3,last,4
3,late,1
3,laugh,1
3,law,1
3,leaders,1
3,left,2
3,lesson,1
3,let,3
3,life,1
3,like,3
3,liked,2
3,listen,1
3,little,5
3,ll,6
3,lonely,1
3,long,6
3,look,1
3,looked,2
3,looking,3
3,lory,6
3,lose,1
3,lowspirited,1
3,luckily,1
3,m,1
3,ma,1
3,magpie,1
3,make,2
3,managed,1
3,marked,1
3,matter,1
3,me,5
3,mean,1
3,meaning,1
3,means,1
3,means.,1
3,meet,1
3,meeting,1
3,melancholy,2
3,mentioned,1
3,mercia,2
3,met,1
3,mice,1
3,middle,1
3,might,2
3,mind,1
3,mine,1
3,minutes,1
3,moderate,1
3,morcar,2
3,more,6
3,morning,1
3,mouse,20
3,move,1
3,moved,1
3,much,2
3,must,5
3,my,5
3,natural,1
3,never,1
3,next,1
3,nightair,1
3,no,6
3,nobody,2
3,noise,1
3,nonsense,1
3,normans,1
3,northumbria,2
3,not,13
3,nothing,2
3,notice,1
3,now,1
3,of,29
3,off,3
3,offended,3
3,offer,1
3,oh,3
3,old,4
3,older,1
3,on,8
3,once,4
3,one,7
3,ones,1
3,only,4
3,opportunity,1
3,or,3
3,other,1
3,others,1
3,ought,1
3,our,3
3,out,7
3,over,4
3,oyster,1
3,panting,1
3,pardon,2
3,particular,1
3,party,4
3,patience,1
3,patriotic,1
3,patted,1
3,pattering,1
3,paused,1
3,person,1
3,pet,1
3,pictures,1
3,pity,1
3,placed,1
3,pleaded,1
3,please,3
3,pocket,2
3,pointing,1
3,politely,1
3,poor,2
3,pope,1
3,position,1
3,positively,1
3,presented,1
3,pressed,1
3,pretexts,1
3,prize,1
3,prizes,4
3,prizes.,1
3,proceed,1
3,promised,1
3,prosecute,1
3,pulled,1
3,put,1
3,puzzling,1
3,queerlooking,1
3,question,5
3,quicker,1
3,quite,5
3,race,2
3,racecourse,1
3,rather,1
3,re,2
3,ready,3
3,really,2
3,refused,1
3,remarkable,1
3,remarking,1
3,remedies,1
3,replied,3
3,reply,1
3,rest,1
3,ring,2
3,rising,1
3,round,6
3,running,2
3,s,8
3,sad,2
3,sadly,1
3,said,34
3,salt,1
3,sat,3
3,say,4
3,saying,2
3,see,3
3,seem,1
3,seemed,3
3,seems,1
3,sensation,1
3,severely,1
3,shakespeare,1
3,shall,2
3,shape,1
3,sharply,1
3,she,24
3,shiver,1
3,shook,1
3,short,1
3,sighed,1
3,sighing,1
3,sight,1
3,silence,2
3,simply,1
3,sir,1
3,sit,1
3,small,1
3,smile,1
3,snappishly,1
3,so,5
3,solemn,1
3,solemnly,2
3,some,4
3,somebody,1
3,something,2
3,soon,7
3,sort,2
3,speak,3
3,speaking,1
3,speech,2
3,spoke,1
3,stay,1
3,stigand,1
3,story,2
3,submitted,1
3,such,3
3,suddenly,1
3,suit,1
3,sulky,1
3,sure,2
3,t,9
3,tail,2
3,take,1
3,tale,3
3,talk,1
3,talking,2
3,taste,1
3,tell,4
3,temper,1
3,than,1
3,that,13
3,the,100
3,their,1
3,theirs,1
3,them,6
3,then,2
3,there,4
3,they,14
3,thimble,4
3,thing,6
3,think,3
3,thinking,1
3,this,12
3,those,1
3,thought,4
3,three,1
3,throat,1
3,time,2
3,tittered,1
3,to,56
3,tone,3
3,tongue,1
3,took,2
3,trembling,1
3,trial,2
3,try,3
3,turned,1
3,turning,3
3,two,1
3,ugh,1
3,uncomfortable,1
3,undo,1
3,up,3
3,upon,1
3,us,2
3,useful,1
3,usually,1
3,usurpation,1
3,various,1
3,ve,1
3,venture,1
3,very,8
3,voice,1
3,voices,1
3,waited,1
3,walked,1
3,walking,1
3,wanted,2
3,was,20
3,wasting,1
3,water,1
3,way,2
3,we,2
3,well,1
3,went,2
3,were,4
3,wet,2
3,what,11
3,when,6
3,which,1
3,while,4
3,whisper,1
3,who,6
3,whole,3
3,whose,1
3,why,5
3,will,2
3,william,3
3,winter,1
3,wish,3
3,with,12
3,without,2
3,won,2
3,wonder,2
3,words,1
3,world,1
3,worm,1
3,would,6
3,wouldn,1
3,wrapping,1
3,yes,1
3,you,32
3,you.come,1
3,young,1
3,your,8
3,yourself,1
4,,1
4,a,72
4,about,14
4,above,1
4,added,1
4,afraid,1
4,after,4
4,again,9
4,against,4
4,air,3
4,alas,1
4,alice,31
4,all,13
4,almost,1
4,along,1
4,altogether,1
4,always,1
4,am,3
4,among,1
4,an,8
4,and,105
4,angrily,1
4,angry,2
4,animal,1
4,animals,1
4,ann,4
4,another,5
4,answered,1
4,anxiously,2
4,any,7
4,anything,5
4,appeared,2
4,apples,2
4,are,3
4,arm,5
4,arms,1
4,arranged,1
4,arrum.,1
4,as,30
4,at,25
4,attempt,1
4,away,1
4,back,2
4,bark,2
4,barking,1
4,barrowful,2
4,be,19
4,bear,1
4,become,1
4,been,1
4,before,3
4,began,6
4,begin,1
4,behind,2
4,being,5
4,believe,1
4,below,1
4,best,1
4,better,3
4,bill,13
4,birds,1
4,bit,1
4,blades,1
4,blue,1
4,book,1
4,both,1
4,bottle,6
4,brass,1
4,breath,1
4,bright,2
4,bring,1
4,broken,4
4,burn,1
4,business,1
4,but,16
4,buttercup,1
4,by,4
4,cakes,3
4,called,2
4,came,8
4,can,8
4,carthorse,1
4,cartwheels,1
4,case,1
4,catch,2
4,caterpillar,1
4,ceiling,1
4,certainly,1
4,chance,1
4,change,1
4,changed,1
4,chapter,1
4,charges,1
4,chimney,6
4,choke,1
4,chorus,1
4,circumstances,1
4,close,1
4,coaxing,2
4,come,3
4,comes,1
4,comfort,1
4,coming,3
4,completely,1
4,concluded,1
4,confusion,1
4,conversation,1
4,cornerno,1
4,could,5
4,couldn,1
4,coward,1
4,crash,2
4,crowd,1
4,cucumberframe,1
4,cucumberframes,1
4,curious,1
4,curled,1
4,d,6
4,dead,2
4,deal,2
4,dear,3
4,delight,1
4,delighted,1
4,did,6
4,difficulty,1
4,digging,2
4,dinah,3
4,direction,1
4,directly,2
4,distance,1
4,do,14
4,dodged,1
4,does,2
4,doesn,1
4,doing,1
4,don,5
4,door,6
4,doori,1
4,doubt,2
4,down,12
4,downhere,1
4,drew,1
4,drink,4
4,dropped,1
4,drunk,2
4,duchess,2
4,each,1
4,eat,5
4,edge,1
4,effect,2
4,elbow,2
4,else,1
4,em,2
4,engraved,1
4,enormous,1
4,enough,3
4,enoughi,1
4,escape,1
4,even,1
4,ever,2
4,every,1
4,everything,1
4,excellent,1
4,executed,1
4,expected,1
4,expecting,1
4,explain,1
4,eye,1
4,eyes,3
4,face,1
4,failure,1
4,faint,1
4,fairytales,1
4,fall,1
4,fallen,1
4,fan,6
4,fancied,2
4,fancying,1
4,fancywho,1
4,fanned,1
4,far,1
4,fear,1
4,feeble,1
4,feebly,1
4,feet,3
4,fell,1
4,fellow,2
4,felt,1
4,ferrets,2
4,fetch,3
4,few,1
4,fills,1
4,find,3
4,finds,1
4,fireplace,1
4,first,3
4,firstthey,1
4,floor,2
4,flowers,1
4,flustered,1
4,folded,1
4,foolish,1
4,foot,2
4,for,19
4,forgetting,1
4,forgotten,1
4,forwards,1
4,found,5
4,frightened,2
4,from,3
4,full,1
4,fur,1
4,game,1
4,garden,1
4,gave,1
4,general,1
4,get,9
4,getting,1
4,giving,1
4,glass,4
4,gloves,6
4,glovesthat,1
4,go,5
4,goes,2
4,going,2
4,gone,1
4,good,4
4,goodnaturedly,1
4,goose,1
4,got,6
4,grass,1
4,great,7
4,grew,1
4,grow,6
4,growing,5
4,grown,1
4,guess,1
4,guessed,1
4,guineapigs,1
4,had,19
4,hadn,3
4,half,3
4,hall,1
4,hand,2
4,hanging,1
4,happen,3
4,happened,3
4,happens,1
4,hard,3
4,hardly,3
4,has,1
4,hastily,1
4,have,5
4,having,1
4,he,5
4,head,5
4,headbrandy,1
4,heads,1
4,hear,1
4,heard,9
4,hearing,1
4,hedge,1
4,heels,1
4,height,1
4,held,2
4,help,1
4,her,28
4,here,9
4,here.,1
4,herself,17
4,high,1
4,him,2
4,himhow,1
4,his,3
4,hit,1
4,hoarsely,1
4,hold,4
4,home,2
4,honour,4
4,hookah,1
4,hope,2
4,hoped,1
4,house,6
4,housemaid,1
4,how,4
4,hungry,1
4,hunting,2
4,hurried,1
4,hurry,2
4,i,62
4,idea,2
4,if,6
4,ifif,1
4,immediately,1
4,in,33
4,indeed,2
4,instantly,1
4,interesting,1
4,into,6
4,inwards,1
4,is,10
4,it,65
4,its,8
4,itself,2
4,iv,1
4,jackinthebox,1
4,jumped,1
4,just,5
4,keep,1
4,kick,2
4,kid,2
4,kind,1
4,kneel,1
4,knew,1
4,knocking,1
4,know,3
4,knowing,1
4,knowno,1
4,label,1
4,lad,1
4,ladder,1
4,large,5
4,larger,3
4,last,5
4,late,1
4,lay,1
4,leant,1
4,learn,2
4,least,1
4,leave,1
4,leaves,1
4,lessonbooks,1
4,lessons,2
4,lest,1
4,let,2
4,life,1
4,like,7
4,liked,1
4,likely,1
4,lips,1
4,listen,1
4,little,23
4,lizard,1
4,ll,12
4,long,4
4,longer,1
4,look,3
4,looked,3
4,looking,3
4,lookingglass,1
4,loose,1
4,lost,1
4,loud,2
4,lovely,1
4,luckily,1
4,lying,1
4,m,6
4,made,8
4,magic,1
4,make,4
4,making,2
4,managed,1
4,many,1
4,mary,4
4,master,1
4,me,17
4,meet,1
4,messages,2
4,met,1
4,mice,1
4,middle,2
4,might,2
4,mind,1
4,minute,3
4,minutes,1
4,miss,1
4,mistake,1
4,moment,7
4,more,6
4,moreas,1
4,mouse,1
4,mouth,1
4,moving,1
4,much,5
4,mushroom,2
4,must,3
4,muttering,1
4,my,6
4,name,1
4,narrow,1
4,nay,1
4,near,2
4,nearly,1
4,neat,1
4,neatly,1
4,neck,1
4,never,3
4,nevertheless,1
4,next,6
4,no,10
4,not,7
4,notice,1
4,noticed,2
4,now,10
4,nowbut,1
4,nowdon,1
4,nowhere,1
4,number,1
4,nurse,1
4,occurred,1
4,of,58
4,off,5
4,off.,1
4,oh,6
4,old,3
4,older,1
4,on,15
4,once,3
4,one,14
4,onebut,1
4,only,5
4,open,1
4,opened,1
4,opportunity,1
4,or,8
4,ordered,1
4,ordering,1
4,other,5
4,otherbill,1
4,others,1
4,ought,3
4,out,20
4,out.,1
4,outside,2
4,over,4
4,pair,3
4,pairs,1
4,panting,1
4,particularhere,1
4,pat,3
4,pattering,1
4,paw,1
4,paws,1
4,pebbles,2
4,peeped,1
4,peering,1
4,people,1
4,picked,1
4,place,1
4,plan,1
4,plan.,1
4,plate,1
4,play,1
4,pleasanter,1
4,pointed,1
4,pool,1
4,poor,3
4,possible,1
4,possibly,1
4,presently,1
4,pressed,1
4,pressing,1
4,produced,1
4,pronounced,1
4,proved,1
4,pulling,1
4,puppy,7
4,put,6
4,queer,1
4,question,2
4,quick,1
4,quietly,1
4,quite,8
4,rabbit,14
4,rabbitholeand,1
4,rabbits,1
4,ran,6
4,rate,1
4,rather,1
4,rattling,1
4,re,1
4,reach,1
4,read,1
4,ready,1
4,real,1
4,really,1
4,reason,1
4,resource,1
4,rest,1
4,right,3
4,roof,2
4,room,7
4,ropewill,1
4,round,5
4,rumbling,1
4,run,2
4,running,1
4,rush,2
4,rushed,1
4,s,22
4,safe,1
4,said,14
4,same,1
4,sat,1
4,save,1
4,saw,1
4,say,2
4,saying,2
4,says,1
4,scrambling,1
4,scratching,1
4,second,1
4,see,5
4,seehow,1
4,seem,1
4,seemed,3
4,seems,1
4,seeneverything,1
4,sending,1
4,sends,1
4,sense,1
4,series,1
4,set,3
4,shall,1
4,shan,2
4,sharp,2
4,she,77
4,shook,1
4,short,1
4,should,2
4,shouldn,1
4,shouted,1
4,shower,1
4,shriek,1
4,shrieks,1
4,shrinking,1
4,shut,1
4,shy,1
4,side,2
4,sides,1
4,silence,4
4,simply,1
4,since,1
4,sitting,1
4,size,4
4,skyrocket,1
4,slateoh,1
4,slowly,1
4,small,1
4,smaller,2
4,smallest,2
4,smoking,1
4,snatch,2
4,so,9
4,some,4
4,something,6
4,soon,4
4,sooner,1
4,sorrowful,1
4,sort,5
4,sound,1
4,sounded,2
4,sounds,2
4,spite,1
4,spread,2
4,squeaking,1
4,stairs,1
4,stay,1
4,stick,4
4,still,2
4,stood,1
4,stoop,1
4,stop,2
4,stopped,1
4,stretched,1
4,stretching,1
4,such,2
4,suddenly,1
4,suppose,2
4,suppose.,1
4,sure,9
4,surprise,1
4,surprised,1
4,swallowed,1
4,swim,1
4,t,20
4,table,2
4,take,3
4,taking,2
4,talking,1
4,teaching,1
4,tell,4
4,terribly,1
4,than,2
4,thank,1
4,that,35
4,that.,1
4,the,126
4,them,3
4,them.,1
4,then,15
4,thenalways,1
4,there,14
4,these,1
4,they,12
4,thick,1
4,thing,8
4,think,3
4,thinking,1
4,this,17
4,thistle,2
4,those,1
4,thought,9
4,thousand,1
4,three,1
4,through,1
4,tidy,1
4,tie,1
4,till,6
4,time,6
4,times,1
4,tiny,2
4,tiptoe,1
4,tired,2
4,to,78
4,together,2
4,tone,3
4,tongue,1
4,too,2
4,took,2
4,top,2
4,touch,1
4,trampled,1
4,trees,1
4,trembled,1
4,tricks,1
4,tried,3
4,trotting,1
4,trying,2
4,tumbled,1
4,turned,1
4,turning,1
4,two,4
4,uncomfortable,1
4,uncorked,1
4,under,4
4,unhappy,1
4,up,15
4,upon,4
4,upstairs,1
4,us,1
4,used,1
4,vanished,1
4,ve,3
4,very,9
4,voice,6
4,voices,2
4,voicethe,1
4,w,1
4,waited,3
4,waiting,2
4,walk,1
4,wandered,1
4,want,1
4,was,34
4,wasn,1
4,way,5
4,waynever,1
4,we,1
4,well,4
4,went,7
4,were,4
4,what,17
4,whatever,1
4,when,6
4,whenever,1
4,where,3
4,whereupon,1
4,which,4
4,while,2
4,whiskers,1
4,whispers,1
4,whistle,1
4,white,3
4,who,4
4,whole,1
4,why,4
4,will,4
4,window,7
4,window.,1
4,wish,4
4,with,12
4,with.,1
4,without,3
4,womanbut,1
4,won,2
4,wonder,5
4,wood,2
4,words,2
4,worry,1
4,would,3
4,wouldn,1
4,write,1
4,written,1
4,ye,1
4,yelp,1
4,yer,4
4,yet,1
4,yetand,1
4,yetit,1
4,yetoh,1
4,you,18
4,youall,1
4,your,1
5,,1
5,a,58
5,about,4
5,added,1
5,adding,1
5,addressed,1
5,advice,1
5,afraid,4
5,after,4
5,again,9
5,again.,1
5,against,1
5,age,1
5,ai,1
5,airs,1
5,alarm,1
5,alice,35
5,all,10
5,allow,1
5,alone,1
5,aloud,1
5,altered.,1
5,am,1
5,among,4
5,an,5
5,and,60
5,anger,1
5,angrily,1
5,annoyed,1
5,another,4
5,answered,1
5,any,2
5,anything,3
5,are,12
5,argued,1
5,arms,2
5,as,34
5,asked,2
5,at,17
5,attending,1
5,away,3
5,awfully,1
5,back,5
5,backsomersault,1
5,balanced,1
5,banks,1
5,be,17
5,be.,1
5,beak,1
5,beating,1
5,beautiful,1
5,because,1
5,become,1
5,bee,1
5,been,5
5,before,2
5,began,4
5,begin,1
5,beginning,3
5,being,1
5,believe,1
5,below,1
5,bend,1
5,bit,6
5,blow,1
5,bones,1
5,box,1
5,brain,1
5,branches,1
5,bringing,1
5,broke,1
5,brought,2
5,busy,1
5,but,20
5,butterfly,1
5,by,3
5,called,1
5,came,3
5,can,10
5,carefully,1
5,case,1
5,caterpillar,26
5,certainly,2
5,chance,1
5,change,1
5,changed,3
5,changes,2
5,changing,1
5,chapter,1
5,child,1
5,chin,2
5,chose,1
5,chrysalisyou,1
5,clearly,1
5,clever,1
5,closely,1
5,come,5
5,confusing.,1
5,contempt,1
5,contemptuously,1
5,content,1
5,continued,1
5,contradicted,1
5,conversation,2
5,could,4
5,couple,1
5,crawled,1
5,creatures,1
5,crouched,1
5,curving,1
5,d,1
5,day,5
5,deal,2
5,decidedly,1
5,deepest,1
5,delight,1
5,delighted,1
5,denying,1
5,did,3
5,different,3
5,difficult,1
5,direction,1
5,distant,1
5,dive,1
5,do,11
5,does,1
5,doesn,1
5,don,6
5,done,2
5,door,1
5,doth,1
5,doubtfully,1
5,down,11
5,draw,1
5,drew,1
5,each,3
5,easily,2
5,eat,2
5,edge,1
5,eel,1
5,effect,1
5,egg,1
5,eggs,5
5,else,1
5,encouraging,1
5,end,2
5,enough,3
5,entangled,1
5,ever,1
5,every,2
5,exactly,1
5,except,1
5,explain,2
5,eye,1
5,face,1
5,far,2
5,fat,1
5,father,5
5,feared,1
5,feel,2
5,feelings,1
5,feet,1
5,felt,5
5,few,1
5,find,1
5,finished,2
5,first,3
5,first.,1
5,flown,1
5,folded,1
5,follow,1
5,foot,2
5,for,13
5,found,5
5,four,1
5,free,2
5,frighten,1
5,frightened,1
5,from,4
5,gardenhow,1
5,gave,2
5,get,3
5,getting,2
5,girl,2
5,girls,2
5,give,1
5,go,2
5,going,2
5,gone,1
5,good,5
5,goose,1
5,got,6
5,graceful,1
5,grass,1
5,gravely,1
5,green,3
5,grey,1
5,grow,2
5,growing,1
5,grown,1
5,had,14
5,hair,1
5,half,1
5,hand,1
5,hands,4
5,happens,1
5,hardly,3
5,has,2
5,hastily,2
5,hatching,1
5,have,8
5,haven,3
5,he,1
5,head,4
5,hearing,1
5,hedges,1
5,height,3
5,held,1
5,her,26
5,here,1
5,herself,7
5,high,3
5,highest,1
5,his,4
5,hiss,1
5,hookah,4
5,house,2
5,how,4
5,however,2
5,hurry,1
5,i,71
5,idea,2
5,if,5
5,ii,2
5,immense,1
5,important,1
5,in,31
5,incessantly,1
5,inches,3
5,indeed,2
5,indignantly,1
5,injure,1
5,into,8
5,invent,1
5,irritated,1
5,is,14
5,isn,1
5,it,48
5,its,9
5,itself,2
5,jaw,1
5,jaws,1
5,just,5
5,keep,2
5,kept,2
5,kick,1
5,kind,2
5,know,5
5,know.,2
5,knowand,1
5,languid,1
5,large,1
5,larger,1
5,last,6
5,lasted,1
5,law,1
5,lay,1
5,least,2
5,leaves,3
5,lefthand,1
5,length,1
5,let,1
5,life,1
5,life.,1
5,like,5
5,likely,1
5,limbs,1
5,listen,1
5,little,11
5,lives,1
5,ll,5
5,locks,1
5,long,1
5,looked,2
5,looking,3
5,lookout,1
5,losing,1
5,lost,1
5,m,17
5,made,2
5,make,3
5,making,1
5,man,1
5,manage,1
5,managed,1
5,many,2
5,matter,1
5,matters,1
5,may,1
5,me,6
5,me.,1
5,mean,1
5,meaning,1
5,melancholy,1
5,mentioned,1
5,merely,1
5,might,3
5,mind,2
5,minute,4
5,minutes,4
5,moment,3
5,more,5
5,morning,1
5,morsel,1
5,most,1
5,mouth,5
5,moving,1
5,much,2
5,muscular,1
5,mushroom,4
5,must,3
5,my,13
5,myself,3
5,near,2
5,neck,4
5,needs,1
5,nest,1
5,never,5
5,new,1
5,next,3
5,nibbled,1
5,nibbling,2
5,night,1
5,nine,1
5,no,9
5,none,1
5,nose,1
5,not,12
5,nothing,4
5,now,5
5,nowhere,1
5,number,1
5,of,37
5,off,4
5,offended,1
5,often,1
5,oh,2
5,ointmentone,1
5,old,5
5,on,4
5,once,2
5,one,7
5,only,1
5,open,2
5,opening,1
5,opportunity,1
5,or,5
5,other,5
5,ought,1
5,out,7
5,particular,1
5,patiently,1
5,perfectly,2
5,perhaps,3
5,pieces,1
5,pigeon,12
5,piteous,1
5,place,1
5,plan,1
5,pleaded,1
5,pleasing,1
5,politely,1
5,poor,2
5,pray,2
5,presentat,1
5,pressed,1
5,promising,1
5,puffed,1
5,put,2
5,puzzled,1
5,puzzling,2
5,queer,2
5,question,2
5,questions,1
5,quite,4
5,raising,1
5,rapidly,1
5,rather,2
5,raw.,1
5,re,7
5,rearing,1
5,reason,2
5,remained,1
5,remarking,1
5,remarks,1
5,remember,2
5,remembered,2
5,repeat,1
5,repeated,1
5,replied,5
5,rest,1
5,result,1
5,right,5
5,righthand,2
5,rise,1
5,room,1
5,roots,1
5,round,2
5,s,6
5,sage,1
5,said,52
5,same,1
5,say,3
5,say.,1
5,saying,1
5,screamed,1
5,sea,1
5,see,5
5,see.,1
5,seemed,4
5,seems,1
5,seen,1
5,sell,1
5,serpent,9
5,serpents,3
5,set,2
5,settled,1
5,several,1
5,shaking,1
5,sharp,1
5,she,44
5,shilling,1
5,shook,2
5,short,1
5,shorter,1
5,shorter.,1
5,should,4
5,shoulders,2
5,shouldn,1
5,shriek,1
5,shrinking,1
5,shyly,1
5,side,4
5,sides,1
5,sight,1
5,silence,2
5,silent,1
5,since,2
5,sir,4
5,size,6
5,sizes,1
5,sky,1
5,sleep,1
5,sleepy,1
5,smoking,1
5,so,11
5,sob,1
5,some,6
5,something,3
5,sometimes,2
5,son,1
5,sorry,1
5,sounded,1
5,speak,2
5,speaking,1
5,spoke,2
5,stairs,1
5,stalk,1
5,stand,1
5,state,1
5,steady,1
5,sternly,1
5,still,1
5,stop,1
5,story,1
5,strange,1
5,strength,1
5,stretched,1
5,struck,1
5,stuff,2
5,subdued,1
5,succeeded,2
5,such,5
5,sudden,1
5,suddenly,1
5,suet,1
5,suit,1
5,sulky,1
5,supple,1
5,suppose,2
5,sure,2
5,swallow,1
5,swallowing,1
5,t,22
5,taken,1
5,talking,2
5,taller,2
5,tasted,2
5,tell,3
5,telling,1
5,temper,2
5,ten,1
5,than,1
5,that,25
5,the,99
5,their,1
5,them,9
5,then,6
5,then.,1
5,there,9
5,these,2
5,they,4
5,thing,1
5,things,2
5,think,7
5,thinking,1
5,this,10
5,those,1
5,thought,5
5,thoughtfully,1
5,three,4
5,through,1
5,till,2
5,time,5
5,times,1
5,timidly,1
5,to,65
5,together,1
5,tone,5
5,too,1
5,took,4
5,tops,1
5,tougher,1
5,tree,1
5,trees,3
5,tried,6
5,trouble,1
5,truthful,1
5,try,1
5,trying,2
5,turn,1
5,turned,3
5,twice,1
5,two,3
5,ugh,1
5,uncommonly,1
5,under,1
5,underneath,1
5,understand,1
5,unfolded,1
5,unpleasant,1
5,until,2
5,untwist,1
5,up,3
5,upon,2
5,upright,1
5,use,3
5,used,3
5,usedand,1
5,usual,2
5,v.,1
5,ve,9
5,venture,1
5,very,15
5,violent,1
5,violently,1
5,voice,3
5,wait,1
5,waited,1
5,wandering,1
5,want,2
5,was,29
5,wasn,1
5,way,1
5,weak,1
5,weeks,1
5,well,10
5,went,2
5,were,2
5,what,12
5,when,5
5,where,1
5,whether,1
5,which,10
5,while,1
5,white,1
5,who,6
5,whoever,1
5,why,5
5,wife,1
5,will,3
5,william,3
5,wings,1
5,wink,1
5,wish,1
5,with,8
5,without,2
5,wits,1
5,won,1
5,wonder,1
5,wood,1
5,words,1
5,work,2
5,worth,1
5,would,4
5,wouldn,2
5,wretched,1
5,wriggling,1
5,wrong,1
5,yawned,1
5,yet,5
5,you,49
5,young,1
5,your,8
5,yours,1
5,yourself,2
5,youth,6
5,zigzag,1
6,,2
6,a,71
6,abide,1
6,about,4
6,absurd,1
6,added,1
6,addressed,1
6,advantage,1
6,after,4
6,again,13
6,against,1
6,agony,1
6,air,2
6,alarm,1
6,alice,43
6,all,15
6,almost,1
6,aloud,1
6,already,1
6,also,1
6,alternately,1
6,altogether,2
6,always,1
6,am,5
6,among,1
6,an,7
6,and,82
6,angry,2
6,annoy,1
6,another,3
6,answer,1
6,anxiously,2
6,any,3
6,anything,1
6,appear,1
6,appeared,1
6,appearing,1
6,are,3
6,argue,1
6,arm,1
6,arms,1
6,as,27
6,ask.,1
6,asked,1
6,at,20
6,attending,1
6,away,2
6,axes,1
6,axis,1
6,baby,11
6,babythe,1
6,back,2
6,be,18
6,beat,2
6,became,1
6,because,5
6,been,3
6,before,2
6,began,5
6,begin,1
6,beginning,2
6,behind,2
6,between,1
6,bit,2
6,blows,1
6,both,3
6,bother,1
6,bough,1
6,bowed,1
6,boy,2
6,branch,1
6,broke,1
6,broken,1
6,busily,1
6,business,1
6,but,12
6,by,6
6,bythebye,1
6,call,2
6,called,1
6,came,4
6,can,4
6,care,1
6,carried,2
6,carry,1
6,cat,22
6,cats,2
6,caught,2
6,cauldron,2
6,certainly,3
6,change,1
6,changing,1
6,chapter,1
6,cheshire,4
6,child,3
6,children,1
6,chimneys,1
6,chop,1
6,chorus,2
6,claws,1
6,close,1
6,come,3
6,considered,1
6,constant,1
6,continued,1
6,conversation,2
6,cook,7
6,could,10
6,courage,1
6,crash,1
6,crazy,1
6,creature,3
6,creatures,1
6,crept,1
6,cried,1
6,croquet,2
6,croquet.,2
6,curious,2
6,curled,1
6,curls,1
6,d,2
6,day,3
6,days,1
6,days.,1
6,deal,2
6,dear,1
6,decidedly,1
6,denied,1
6,depends,1
6,desperately,1
6,did,9
6,didn,3
6,difficulty,1
6,direction,3
6,directions,1
6,dish,1
6,dishes,1
6,do,11
6,do.,1
6,does,1
6,does.,1
6,doesn,1
6,dog,2
6,doing,1
6,don,7
6,door,8
6,doubling,1
6,doubt,2
6,down,4
6,dreadful,1
6,dreadfully,1
6,drive,1
6,duchess,14
6,ear,3
6,ears,1
6,earth,1
6,either,1
6,em,1
6,end,3
6,ending,1
6,enjoy,1
6,enough,1
6,enough.,1
6,entangled,1
6,even,3
6,ever,1
6,every,2
6,everybody,1
6,everything,1
6,exactly,1
6,expecting,1
6,explanation,1
6,expressing,1
6,extraordinary,1
6,extremely,1
6,eyes,4
6,face,4
6,fact,1
6,fact.,1
6,far,1
6,farther,1
6,faster,1
6,fear,1
6,feeling,1
6,feet,1
6,felt,6
6,few,1
6,fig,1
6,figures,1
6,fire,2
6,fireirons,1
6,first,5
6,fish,1
6,fishfootman,2
6,fix,1
6,flew,1
6,flinging,1
6,followed,1
6,foot,1
6,footman,11
6,footmen,1
6,for,17
6,forgotten,1
6,frog,1
6,frogfootman,1
6,from,6
6,fryingpan,1
6,full,2
6,fur,1
6,further,1
6,get,9
6,getting,2
6,giddy.,1
6,giving,1
6,glad,1
6,glanced,1
6,go,6
6,goes,1
6,going,2
6,gone,4
6,good,3
6,goodnatured,1
6,got,2
6,grant,1
6,grazed,1
6,great,3
6,grin,3
6,grin.,1
6,grinned,3
6,grinning,1
6,grins,1
6,ground,1
6,growl,2
6,growling,1
6,growls,1
6,grown,1
6,grunt,1
6,grunted,4
6,had,15
6,hair,1
6,half,1
6,handed,1
6,handsome,1
6,happened,1
6,happening,1
6,hardly,1
6,hare,4
6,hatter,2
6,hatters,1
6,have,5
6,haven,1
6,he,14
6,head,3
6,heads,1
6,hear,2
6,hearing,1
6,hearth,1
6,held,1
6,help,2
6,her,13
6,here,6
6,here.,1
6,herself,9
6,high,1
6,him,6
6,himself,1
6,hint,1
6,his,8
6,hit,1
6,hoarse,1
6,hold,2
6,home,1
6,hours,2
6,house,5
6,how,4
6,however,2
6,howled,1
6,howling,3
6,hurried,1
6,hurt,1
6,i,45
6,idiotic,1
6,if,14
6,impossible,2
6,in,37
6,inside,2
6,instance,1
6,instead,1
6,interesting,1
6,into,13
6,introduce,1
6,invitation,2
6,invited,1
6,is,2
6,it,81
6,its,10
6,itself,3
6,joined,1
6,judging,1
6,jumped,1
6,jumping,1
6,just,7
6,keep,2
6,kept,2
6,kettle,1
6,kill,1
6,kitchen,2
6,knew,2
6,knock,1
6,knocked,1
6,knocking,2
6,knot,1
6,know,8
6,know.,2
6,knowledge,1
6,knows,1
6,knuckles,1
6,large,8
6,last,2
6,laughed,1
6,leaning,1
6,least,1
6,leave,1
6,led,1
6,left,2
6,lefthand,1
6,legs,1
6,less,1
6,let,1
6,letter,1
6,life,1
6,like,16
6,line,1
6,listen,1
6,listening,1
6,little,14
6,live,2
6,livery,3
6,lives,2
6,ll,2
6,long,3
6,look,1
6,looked,5
6,looking,3
6,loud,1
6,louder,1
6,loudly,1
6,low,1
6,lullaby,1
6,m,6
6,mad,8
6,mad.,3
6,madat,1
6,made,2
6,make,2
6,makes,1
6,making,1
6,manners,1
6,many,1
6,march,4
6,march.,1
6,matter,2
6,may,2
6,maybe,1
6,me,5
6,meant,1
6,middle,1
6,might,4
6,mind,2
6,minded,1
6,minute,3
6,missed,1
6,mistake,1
6,moment,3
6,more,4
6,most,4
6,much,12
6,murder,1
6,mushroom,1
6,must,3
6,muttered,1
6,my,4
6,name,1
6,natural,1
6,near,1
6,nearer,1
6,nearly,4
6,neither,1
6,never,1
6,next,3
6,nibbled,1
6,night,1
6,no,9
6,noise,2
6,nor,1
6,nose,4
6,not,19
6,nothing,2
6,notice,1
6,noticed,1
6,now,4
6,nurse,1
6,nursing,3
6,occasionally,1
6,of,43
6,off,7
6,often,1
6,oh,6
6,on,19
6,once,1
6,one,7
6,only,10
6,open,1
6,opened,3
6,opportunity,2
6,or,11
6,order,1
6,other,6
6,otherwise,1
6,ought,2
6,out,12
6,over,4
6,own,1
6,pause,1
6,paw,2
6,peeped,1
6,people,2
6,pepper,3
6,perfectly,1
6,perhaps,3
6,pieces,2
6,pig,8
6,pigs,1
6,place,1
6,plate,1
6,plates,1
6,play,4
6,please,4
6,pleased,4
6,pleases,1
6,politely,1
6,poor,3
6,possibly,1
6,powdered,1
6,precious,1
6,prevent,1
6,producing,1
6,proper,2
6,proved,1
6,purring,1
6,puss,1
6,queen,4
6,queer,1
6,queershaped,1
6,question,2
6,questions.how,1
6,quietly,2
6,quite,8
6,raised,1
6,rapped,1
6,rate,1
6,rather,4
6,raving,2
6,re,9
6,reach,1
6,ready,1
6,real,1
6,really,1
6,reasons,1
6,relieved,1
6,remained,1
6,remark,2
6,remarked,2
6,repeated,2
6,repeating,1
6,replied,1
6,reply,1
6,respect,1
6,rest,1
6,right,6
6,roof,1
6,room,1
6,roughly,1
6,round,4
6,run,1
6,running,1
6,s,18
6,said,47
6,same,3
6,sang,1
6,saucepan,1
6,saucepans,1
6,saw,3
6,say,3
6,saying,3
6,second,1
6,secondly,1
6,see,9
6,seeing,1
6,seemed,3
6,seen,2
6,sense,1
6,seriously,1
6,set,2
6,severely,1
6,shake,1
6,shall,2
6,shaped,1
6,she,56
6,should,2
6,shower,1
6,showing,1
6,side,1
6,sight,1
6,silence,1
6,singing,1
6,sit,2
6,sitting,5
6,skimming,1
6,sky,2
6,slowly,1
6,small,1
6,smoke,1
6,sneeze,1
6,sneezed,1
6,sneezes,2
6,sneezing,4
6,snorting,1
6,snout,1
6,so,21
6,sobbed,1
6,sobbing,1
6,solemn,2
6,some,7
6,somewhere,1
6,song,1
6,soon,1
6,sort,4
6,soup,4
6,speak,3
6,speaking,1
6,spoke,1
6,starfish,1
6,staring,1
6,startled,1
6,steamengine,1
6,still,1
6,stirring,2
6,stood,1
6,stool,1
6,straight,1
6,straightening,1
6,stupidly,1
6,subject,1
6,such,2
6,sudden,1
6,suddenly,3
6,suppose,2
6,sure,3
6,surprised,1
6,t,18
6,tail,3
6,take,2
6,takes,1
6,talking,2
6,tears,2
6,teases.,1
6,teeth,1
6,tell,2
6,terror,1
6,than,3
6,that,33
6,thatched,1
6,the,148
6,their,4
6,them,2
6,then,8
6,there,13
6,therefore,1
6,they,7
6,thing,6
6,things,2
6,think,5
6,think.,1
6,thinking,1
6,this,15
6,thoroughly,1
6,thought,10
6,threelegged,1
6,threw,1
6,throwing,1
6,tight,1
6,till,2
6,time,5
6,timidly,4
6,to,80
6,today,1
6,together,1
6,told,1
6,tomorrow,1
6,tone,5
6,too,2
6,took,3
6,top,1
6,tossing,1
6,towards,1
6,treated,1
6,tree,2
6,trees,1
6,tried,1
6,trot,1
6,trying,1
6,turn,2
6,turned,1
6,turnup,1
6,twelve,1
6,twentyfour,2
6,twist,1
6,two,6
6,ugly,1
6,uncivil,1
6,under,1
6,undoing,1
6,unusually,1
6,up,10
6,us,1
6,use,2
6,used,1
6,vanished,3
6,vanishing,1
6,variations,1
6,ve,2
6,verse,1
6,very,10
6,vi,1
6,violence,1
6,violent,1
6,violently,2
6,visit,1
6,wag,1
6,wags,1
6,waited,1
6,walk,1
6,walked,2
6,want,2
6,was,41
6,waving,2
6,way,8
6,we,2
6,well,5
6,went,10
6,were,6
6,what,10
6,when,15
6,where,3
6,whether,3
6,which,11
6,while,4
6,whistling,1
6,who,2
6,why,2
6,wider,1
6,will,1
6,wish,2
6,with,18
6,within,1
6,withina,1
6,without,4
6,won,1
6,wondering,1
6,wood,4
6,word,1
6,words,3
6,work,2
6,world,1
6,would,11
6,wouldn,3
6,wow,6
6,yards,1
6,yet.,1
6,you,37
6,you.,1
6,your,3
6,yourself.,1
7,,1
7,a,49
7,about,5
7,above,1
7,accounts,1
7,added,5
7,advantage,1
7,afraid,1
7,after,2
7,again,10
7,ah,1
7,alarmed,1
7,alice,51
7,all,8
7,almost,1
7,aloud,1
7,always,3
7,among,1
7,an,6
7,and,57
7,angrily,3
7,answer,3
7,answers.,1
7,any,4
7,anything,1
7,are,2
7,armchair,1
7,as,23
7,ask,3
7,asked,4
7,asking,2
7,asleep,6
7,at,24
7,back,1
7,bat,1
7,bawled,1
7,be,8
7,bear,1
7,beat,1
7,beating,1
7,beautiful,1
7,because,1
7,been,3
7,before,3
7,began,4
7,begin,1
7,beginning,2
7,begins,2
7,begun,1
7,being,2
7,believe,1
7,best,2
7,better,4
7,between,2
7,bit,1
7,both,2
7,bottom,3
7,breadandbutter,1
7,breadknife.,1
7,break,1
7,breathe,2
7,bright,2
7,but,18
7,butter,3
7,by,4
7,call,1
7,came,1
7,can,6
7,case,1
7,cautiously,2
7,certainly,2
7,change,2
7,chapter,1
7,choosing,1
7,civil,3
7,clean,1
7,clock,5
7,close,1
7,closed,1
7,come,2
7,coming,1
7,concert,1
7,confused,2
7,consented,1
7,considered,1
7,considering,1
7,contemptuously,1
7,continued,1
7,conversation,1
7,cool,1
7,corner,1
7,could,6
7,couldn,1
7,course,5
7,cried,2
7,crowded,1
7,crumbs,1
7,cup,2
7,curiosity,2
7,curious,2
7,cushion,1
7,cutting,1
7,d,5
7,dare,2
7,day,2
7,days,1
7,deal,1
7,did,8
7,didn,1
7,dinner,1
7,dipped,1
7,disgust,1
7,do,7
7,does,1
7,doesn,2
7,don,7
7,done,1
7,done.,1
7,door,2
7,dormouse,27
7,down,3
7,doze,1
7,draw,6
7,drawing,1
7,dreadfully,2
7,drew,1
7,drinking,1
7,dropped,1
7,ear,1
7,earnestly,1
7,easy,1
7,eat,2
7,eating,1
7,elbows,1
7,elsie,1
7,encouraging,1
7,end,1
7,english,1
7,even,1
7,ever,3
7,every,2
7,everything,1
7,exactly,2
7,exclaimed,1
7,extraordinary,1
7,eyes,5
7,fancy,1
7,fast,1
7,feeble,1
7,fell,1
7,fellows,1
7,felt,1
7,find,1
7,finish,1
7,finished,1
7,first,5
7,flowerbeds,1
7,fly,1
7,followed,1
7,foot,1
7,for,12
7,forgetting,1
7,found,2
7,fountains,1
7,fourth.,1
7,from,2
7,front,1
7,fun,1
7,funny,1
7,garden,2
7,gently,1
7,get,3
7,getting,2
7,give,1
7,given,1
7,glad,1
7,glass,1
7,gloomily,1
7,go,5
7,goes,2
7,going,3
7,golden,1
7,good,2
7,got,3
7,grand,1
7,great,6
7,grumbled,1
7,guess,1
7,guessed,1
7,had,10
7,hair,1
7,half,1
7,halfpast,2
7,hall,1
7,happens,1
7,hardly,1
7,hare,21
7,hastily,1
7,hatter,33
7,have,11
7,haven,1
7,having,1
7,he,18
7,head,6
7,heard,2
7,hearing,1
7,hearts,1
7,helped,1
7,her,7
7,here,3
7,herself,5
7,high,1
7,him,2
7,him.,1
7,hint,1
7,his,15
7,hoarse,1
7,holding,1
7,hoping,1
7,hot,1
7,house,1
7,how,2
7,however,1
7,humbly,1
7,hungry,1
7,hurry,1
7,i,60
7,idea,2
7,if,3
7,ill.,2
7,impatiently,1
7,in,27
7,in.,1
7,indeed,1
7,indignantly,2
7,instance,1
7,instantly,1
7,interest,1
7,interrupt,1
7,interrupted,2
7,interrupting,1
7,into,8
7,invited,1
7,is,12
7,isn,1
7,it,62
7,its,7
7,itself,2
7,jumped,1
7,just,8
7,keep,2
7,kept,2
7,key,1
7,knew,1
7,know,11
7,know.,3
7,lacie,1
7,lady,1
7,laid,1
7,large,2
7,last,4
7,leading,1
7,learn,2
7,learning,2
7,least,2
7,leastat,1
7,led,1
7,less,1
7,lessons,1
7,let,2
7,life,1
7,like,6
7,liked,1
7,liked.,1
7,little,9
7,live,3
7,lived,2
7,living,1
7,ll,3
7,long,4
7,looked,4
7,looking,4
7,m,6
7,mad,2
7,make,2
7,making,1
7,manage,2
7,manner,1
7,many,2
7,march,21
7,marchjust,1
7,may,2
7,me,1
7,mean,5
7,meaning,1
7,meekly,1
7,memory,1
7,might,4
7,milkjug,1
7,mind.,1
7,mine,1
7,minute,3
7,month,2
7,moon,1
7,more,5
7,more.,1
7,morning,1
7,mournful,1
7,mournfully,1
7,mousetraps,1
7,move,1
7,moved,2
7,moving,1
7,much,4
7,muchness,2
7,muchnessyou,1
7,murdering,1
7,mushroom,1
7,music.,1
7,must,1
7,muttered,1
7,my,1
7,myself.,1
7,names,1
7,neither,1
7,never,2
7,nibbling,1
7,nine,1
7,no,8
7,nobody,1
7,nor,1
7,nose,1
7,not,10
7,nothing,3
7,nothing.,1
7,notice,2
7,noticed,1
7,now,6
7,now.,1
7,o,3
7,of,35
7,off,4
7,offend,1
7,offended,1
7,offer,1
7,on,19
7,on.,1
7,once,4
7,once.,1
7,one,10
7,one.,1
7,only,5
7,opened,2
7,opening,1
7,opinion,1
7,or,4
7,other,1
7,others,1
7,out,8
7,over,3
7,party,1
7,passage,1
7,perhaps,3
7,personal,2
7,picked,1
7,piece,2
7,pinch,1
7,pinched,2
7,place,3
7,plate,1
7,pleaded,1
7,please,2
7,plenty,1
7,pocket,2
7,pointing,1
7,politely,1
7,poor,1
7,poured,1
7,promise,1
7,proposal,1
7,put,3
7,puzzled,2
7,quarrelled,1
7,queen,2
7,question,1
7,questions,1
7,quick,1
7,quite,3
7,rate,1
7,rather,2
7,raven,1
7,ravens,1
7,re,1
7,readily,1
7,really,1
7,reason,1
7,remark,4
7,remarked,4
7,remarks,2
7,remember,1
7,repeated,1
7,replied,7
7,resting,1
7,riddle,1
7,riddles,1
7,riddles.i,1
7,right,1
7,room,3
7,round,3
7,rubbing,1
7,rude.,1
7,rudeness,1
7,s,23
7,said,59
7,same,7
7,sat,2
7,savage,1
7,saw,2
7,say,9
7,saying.,1
7,saythat,1
7,see,4
7,seemed,2
7,set,1
7,severity,1
7,sh,2
7,shaking,1
7,shall,2
7,she,27
7,shook,3
7,should,4
7,shoulder,1
7,shouldn,3
7,shriek,1
7,sides,1
7,sigh,1
7,sighed,2
7,silence,1
7,silent,2
7,since,1
7,sing,1
7,singing,1
7,sisters,1
7,sistersthey,1
7,sit,1
7,sitting,1
7,six,1
7,sky,1
7,sleep,4
7,sleepy,1
7,slightest,1
7,slowly,1
7,so,12
7,some,9
7,something,2
7,song,1
7,sort,1
7,speech,1
7,spoke,2
7,spoon,1
7,stand,1
7,stays,1
7,stop,1
7,story,2
7,story.,1
7,stupid,1
7,stupidest,1
7,subject,1
7,such,5
7,suit,1
7,sulkily,1
7,suppose,4
7,t,28
7,table,6
7,take,4
7,taken,1
7,taking,1
7,talk,2
7,talking,2
7,tea,7
7,teaparty,2
7,teapot,1
7,teathings,1
7,teatime,1
7,teatray,1
7,tell,3
7,tells,2
7,terms,1
7,than,6
7,that,22
7,the,158
7,their,2
7,them,2
7,then,12
7,theni,1
7,thenshe,1
7,there,8
7,these,1
7,they,22
7,thing,9
7,things,3
7,thingseverything,1
7,think,7
7,thinking,1
7,this,12
7,though,1
7,thought,4
7,thoughtfully,1
7,three,3
7,three.,1
7,through,1
7,till,1
7,tillie,1
7,time,17
7,tired,1
7,to,44
7,today,1
7,together,1
7,together.,1
7,told,1
7,tone,3
7,too,1
7,took,5
7,tossing,1
7,treacle,4
7,treaclewell.,1
7,treaclewelleh,1
7,tree,1
7,trees,1
7,tried,1
7,triumphantly,1
7,trying,1
7,turned,1
7,turning,2
7,twice,1
7,twinkle,8
7,twinkling,1
7,two,4
7,uncomfortable,1
7,under,1
7,understand,2
7,uneasily,1
7,unlocking,1
7,unwillingly,1
7,up,6
7,up.,1
7,upon,2
7,upset,1
7,us,2
7,used,1
7,using,1
7,ve,4
7,ventured,1
7,verse,1
7,very,15
7,vii,1
7,voice,1
7,vote,1
7,wake,1
7,walked,2
7,want,1
7,wants,1
7,was,25
7,wash,1
7,wasn,4
7,waste,1
7,wasting,1
7,watch,4
7,water,1
7,waterwell,1
7,way,3
7,ways,1
7,we,4
7,wearily,1
7,well,12
7,went,10
7,were,13
7,what,19
7,when,6
7,where,1
7,which,2
7,while,1
7,whiles.,1
7,whisper,2
7,who,4
7,why,6
7,wide,1
7,wine,2
7,wish,2
7,with,16
7,without,4
7,woke,1
7,won,3
7,wonder,1
7,wood,1
7,word,1
7,work,1
7,works,1
7,world,1
7,worse,1
7,would,3
7,wouldn,2
7,writingdesk,1
7,writingdesks,1
7,wrong,1
7,yawning,2
7,year,2
7,yes,3
7,yet,3
7,you,53
7,young,1
7,your,4
7,yourself.,1
8,a,55
8,about,8
8,account,1
8,across,2
8,act,1
8,added,1
8,afore,1
8,afraid,1
8,after,5
8,again,2
8,against,1
8,air,1
8,alice,39
8,alive,2
8,all,29
8,allow,1
8,along,1
8,already,1
8,also,1
8,always,2
8,among,1
8,an,3
8,and,92
8,angrily,1
8,another,2
8,anxious,1
8,anxiously,3
8,any,4
8,anything,1
8,appealed,1
8,appearance,1
8,appeared,4
8,arch,1
8,arches,2
8,are,8
8,argument,3
8,arguments,1
8,arm,3
8,arrow,1
8,as,19
8,ask,1
8,asked,1
8,at,29
8,attends,1
8,away,7
8,back,6
8,backs,1
8,balls,1
8,be,10
8,beast,1
8,become,1
8,been,4
8,before,1
8,began,9
8,begin,2
8,begun,1
8,beheaded,3
8,beheading,1
8,behind,3
8,being,2
8,belongs,1
8,besides,2
8,best,1
8,better,2
8,between,1
8,blame,1
8,blow,1
8,body,2
8,book,1
8,both,1
8,bowed,2
8,bowing,1
8,boxed,1
8,bringing,1
8,brought,1
8,brush,1
8,bursting,1
8,busily,1
8,business,3
8,but,10
8,by,6
8,called,2
8,came,9
8,can,2
8,cards,1
8,carefully,1
8,carrying,2
8,cat,11
8,caught,1
8,chanced,1
8,chapter,1
8,checked,1
8,cheshire,3
8,chief,1
8,child,2
8,children,3
8,close,2
8,clubs,1
8,collected,1
8,come,3
8,comes,1
8,comfortably,1
8,coming,1
8,complaining,1
8,conclusion,1
8,confusing,1
8,confusion,1
8,consider,1
8,conversation,1
8,cook,1
8,corners,1
8,could,7
8,couldn,3
8,couples,1
8,courage,1
8,courtiers,2
8,crawling,1
8,crimson,2
8,croquet,1
8,croqueted,1
8,croquetground,2
8,croqueting,1
8,crowd,1
8,crown,1
8,curiosity,1
8,curious,3
8,cushion,1
8,cut,3
8,d,4
8,day,1
8,dear,2
8,dears,1
8,decidedly,2
8,deserved,1
8,diamonds,1
8,did,4
8,didn,1
8,difficult,1
8,difficulties,1
8,difficulty,2
8,directions,1
8,disappeared,1
8,dispute,2
8,distance,1
8,do,2
8,doesn,1
8,doing,2
8,don,8
8,done,1
8,double,1
8,doubledup,1
8,doubtful,1
8,down,9
8,dreadfully,2
8,duchess,3
8,each,1
8,eager,1
8,eagerly,1
8,ear,1
8,ears,2
8,elbow.,1
8,else,2
8,end,1
8,engaged,1
8,enough,3
8,entirely,1
8,entrance,1
8,escape,2
8,even,1
8,ever,1
8,everybody,2
8,everything,1
8,evidently,1
8,exactly,1
8,examining,1
8,excellent,1
8,execute,1
8,executed,2
8,execution.,1
8,executioner,6
8,expression,1
8,extremely,1
8,eye,1
8,eyes,1
8,face,3
8,faces,3
8,fact,1
8,fading,1
8,fairly,1
8,fall,1
8,feel,1
8,feeling,1
8,feet,2
8,fetch,2
8,fight,2
8,fighting,1
8,find,3
8,fine,1
8,finishing,1
8,first,4
8,five,7
8,flamingo,4
8,flamingoes,1
8,flat,2
8,flowerpot,1
8,flung,1
8,fly,1
8,followed,1
8,fond,1
8,foot,1
8,footsteps,1
8,for,19
8,found,2
8,friend,2
8,frightened,1
8,from,3
8,furious,1
8,furrow,1
8,furrows,1
8,fury,1
8,game,6
8,game.,1
8,garden,3
8,gardeners,8
8,gave,1
8,generally,2
8,get,3
8,getting,3
8,giddy.,1
8,give,1
8,glad,1
8,glaring,1
8,go,3
8,going,7
8,gone,4
8,got,6
8,grand,1
8,grave,1
8,great,3
8,grin,1
8,ground,1
8,ground.,1
8,groundand,1
8,growing,1
8,guests,1
8,had,22
8,hand,4
8,hands,2
8,hanging,1
8,happen,2
8,hard,1
8,hardly,1
8,have,9
8,having,2
8,he,12
8,head,12
8,heads,4
8,hear,2
8,heard,5
8,hearts,4
8,hedgehog,7
8,hedgehogs,3
8,help,2
8,helpless,1
8,her,31
8,here,3
8,here.,1
8,herself,2
8,him,1
8,himit,1
8,himself,2
8,his,9
8,how,5
8,however,2
8,humble,1
8,hurried,3
8,hush,3
8,i,19
8,idea,1
8,idiot,1
8,if,6
8,impatiently,1
8,impertinent,1
8,in,38
8,indeed,2
8,instance,1
8,instantly,2
8,instead,1
8,into,3
8,introduce,1
8,is,7
8,it,50
8,it.,2
8,its,6
8,itself,2
8,jogged,1
8,joined,1
8,jumped,1
8,jumping,1
8,just,5
8,king,13
8,kings,1
8,kiss,1
8,knave,4
8,knee,1
8,knew,2
8,know,2
8,laid,1
8,large,3
8,last,2
8,late,1
8,laughing,1
8,laughter,1
8,lay,1
8,least,2
8,leave,1
8,left,1
8,legs,1
8,less,1
8,lie,2
8,life,2
8,like,9
8,likely,1
8,likes.,1
8,listen,1
8,listening,1
8,little,4
8,live,2
8,ll,2
8,look,7
8,looked,8
8,looking,6
8,loud,1
8,loudly,1
8,low,4
8,lying,2
8,made,2
8,majesty,3
8,make,3
8,mallets,1
8,managing,1
8,manner,1
8,many,1
8,marched,1
8,matter,1
8,may,3
8,me,6
8,meant,1
8,meanwhile,1
8,merrily,1
8,might,3
8,mine,1
8,mine.,1
8,minea,1
8,minute,6
8,miss,2
8,missed,1
8,mistake,1
8,moment,5
8,more,2
8,mostly,1
8,mouth,2
8,moved,1
8,much,3
8,must,1
8,my,5
8,myself,1
8,name,2
8,near,2
8,nearer,1
8,neck,1
8,needn,1
8,nervous,1
8,never,3
8,next,4
8,nicely,1
8,no,6
8,nobody,1
8,nodded,1
8,none,1
8,nonsense,2
8,not,11
8,nothing,2
8,noticed,2
8,noticing,1
8,now,4
8,oblong,1
8,of,47
8,off,15
8,oh,1
8,on,18
8,once,4
8,one,10
8,oneself,1
8,onions.,1
8,only,7
8,opportunity,1
8,opposite,1
8,or,11
8,ornamented,2
8,other,5
8,others,3
8,ought,2
8,our,2
8,out,8
8,over,5
8,own,2
8,pack,2
8,paint,1
8,painting,2
8,particular,1
8,parts,1
8,party,2
8,passed,1
8,passing,1
8,passion,2
8,pattern,1
8,peeping,1
8,people,3
8,pity,2
8,places,1
8,play,2
8,played,1
8,players,2
8,please,3
8,pointing,1
8,politely,1
8,prison,1
8,procession,5
8,processions,1
8,protection,1
8,provoking,1
8,put,4
8,puzzled,2
8,quarrel,1
8,quarrelling,1
8,queen,36
8,queens,1
8,question,2
8,quietly,1
8,quite,2
8,rabbit,6
8,raised,1
8,ran,3
8,rather,4
8,re,3
8,read,1
8,recognised,1
8,red,2
8,remaining,1
8,remark,1
8,remarked,1
8,remember,2
8,removed,2
8,repeated,1
8,reply,2
8,rest,3
8,ridge,1
8,ridges,1
8,right,2
8,roared,1
8,roses,3
8,rosetree,4
8,round,7
8,royal,2
8,rule,1
8,rules,1
8,running,1
8,s,27
8,said,43
8,same,1
8,saw,1
8,say,4
8,scream,1
8,screamed,2
8,screaming,1
8,search,1
8,see,9
8,seem,1
8,seemed,2
8,seen,2
8,send,1
8,sentence,2
8,settle,1
8,settled,1
8,settling,1
8,seven,5
8,severely,1
8,shall,1
8,shan,1
8,shaped,1
8,she,55
8,short,1
8,should,3
8,shoulder,1
8,shouted,5
8,shouting,1
8,shrill,1
8,side,3
8,sight,2
8,silent,3
8,sit,1
8,small,1
8,smiled,2
8,smiling,1
8,so,12
8,soldiers,9
8,some,2
8,somebody,1
8,someone,1
8,something,1
8,soon,2
8,sort,1
8,sound,1
8,speak,1
8,speakand,1
8,speaking,1
8,splashing,1
8,spoke,4
8,spoken,1
8,stamping,1
8,stand,1
8,still,1
8,stood,4
8,stopped,1
8,straightened,1
8,succeeded,1
8,such,5
8,suddenly,1
8,sulky,1
8,sure,1
8,surprised,2
8,t,19
8,talk,3
8,talking,3
8,tell,3
8,ten,3
8,than,1
8,that,28
8,the,168
8,their,11
8,them,13
8,them.,1
8,themand,1
8,themselves,2
8,then,9
8,there,11
8,these,4
8,they,14
8,thing,2
8,things,3
8,think,4
8,this,9
8,those,1
8,though,1
8,thought,7
8,three,11
8,threw,1
8,through,1
8,thunder,1
8,till,2
8,time,5
8,timid,1
8,timidly,2
8,tiptoe,1
8,to,67
8,to.,1
8,tone,5
8,tossing,1
8,tree,1
8,trying,2
8,tucked,2
8,tuliproots,1
8,tumbling,1
8,turn,2
8,turned,2
8,turning,2
8,turns,2
8,twist,1
8,two,9
8,uncomfortable,1
8,under,3
8,uneasy,1
8,unfortunate,1
8,unjust,1
8,unless,1
8,unrolled,1
8,up,11
8,upon,5
8,use,2
8,ve,3
8,velvet,1
8,very,17
8,viii,1
8,voice,6
8,waited,2
8,waiting,1
8,walked,1
8,walking,3
8,wandered,1
8,wanted,1
8,was,42
8,wasn,2
8,watch,1
8,watching,2
8,way,4
8,we,4
8,well,3
8,went,10
8,were,16
8,weren,1
8,what,10
8,when,6
8,where,3
8,where.,1
8,wherever,1
8,whether,4
8,which,2
8,while,4
8,whispered,2
8,white,4
8,who,12
8,whole,2
8,why,3
8,wild,1
8,wildly,1
8,will,1
8,win,1
8,wish,1
8,with,21
8,without,4
8,wonder,1
8,wondering,2
8,worth,1
8,would,6
8,yes,2
8,yesterday,1
8,yet,1
8,you,23
8,your,6
9,a,54
9,about,11
9,absence,1
9,added,3
9,advantage,1
9,affectionately,1
9,afford,1
9,after,4
9,again,3
9,agree,2
9,ah,2
9,alice,52
9,all,10
9,alone,1
9,always,1
9,am,1
9,an,6
9,ancient,1
9,and,62
9,angrily,1
9,another,1
9,answered,1
9,anxious,1
9,anxiously,1
9,any,3
9,appear,1
9,appeared,1
9,arches,2
9,are,3
9,arithmeticambition,1
9,arm,3
9,arms,1
9,as,19
9,ashamed,1
9,ask,1
9,asked,4
9,asking,1
9,asleep,1
9,at,13
9,attended,1
9,away,1
9,back,3
9,barleysugar,1
9,be,12
9,beautify,1
9,because,4
9,been,4
9,before,4
9,began,2
9,begin,1
9,begin.,1
9,beginning,1
9,being,1
9,believe,1
9,best,1
9,better,2
9,bill,1
9,bird,1
9,birds,1
9,birthday,1
9,bit.,1
9,bite,2
9,bitterandand,1
9,bore,1
9,both,5
9,bottom,1
9,branches,1
9,break,1
9,breath,1
9,broken,1
9,business,1
9,but,10
9,by,7
9,call,2
9,called,2
9,calmly,1
9,came,2
9,camomile,1
9,can,6
9,care,2
9,cautiously,1
9,certainly,1
9,change,1
9,chapter,1
9,cheap,1
9,child,1
9,children,1
9,chin,4
9,choice,2
9,chose,1
9,chuckled,1
9,classics,1
9,clear,1
9,close,2
9,closer,1
9,coils.,1
9,come,7
9,company,1
9,congereel,1
9,constant,1
9,conversation,1
9,cost,1
9,could,5
9,couldn,2
9,counting,1
9,course,4
9,course.,1
9,crab,1
9,creature,1
9,creatures,1
9,croquetground,1
9,curious,1
9,custody,2
9,d,1
9,dare,1
9,day,7
9,day.,1
9,dayschool,1
9,dear,2
9,decided,1
9,deep,2
9,deeply,1
9,delay,1
9,derision.,1
9,did,11
9,didn,1
9,died,1
9,different,1
9,dig,1
9,digging,1
9,distance,1
9,distraction,1
9,do,2
9,do.,1
9,does,1
9,doesn,2
9,don,10
9,done,1
9,doubtful,1
9,doubtfully,1
9,down,3
9,drawling,1
9,drawlingmaster,1
9,drawlingthe,1
9,drive,1
9,duchess,19
9,dull,1
9,eagerly,1
9,ear,1
9,earth,1
9,educationsin,1
9,either,1
9,eleventh,1
9,else,1
9,encouraged,1
9,end,2
9,enough,1
9,even,2
9,ever,1
9,every,1
9,everybody,2
9,everything,3
9,exactly,1
9,except,1
9,exclaimed,3
9,exclamation,1
9,executes,1
9,execution,1
9,executions,2
9,experiment,2
9,extras,1
9,eyes,2
9,faces,1
9,fact,1
9,fainting,1
9,fair,1
9,fancy,2
9,far,1
9,fast,1
9,favourite,1
9,feather,1
9,feel,2
9,feeling,1
9,fellow,1
9,felt,2
9,find,2
9,finding,1
9,fine,1
9,finish,1
9,finished.,1
9,first,2
9,flamingo,1
9,flamingoes,1
9,flappers,1
9,flock,1
9,fly,1
9,folded,1
9,follow,1
9,followed,2
9,fond,1
9,for,6
9,forget,1
9,forgotten,1
9,found,1
9,french,2
9,frightened,1
9,from,3
9,front,1
9,frowning,1
9,full,1
9,fun,2
9,game,3
9,games,1
9,generally,1
9,getting,1
9,give,2
9,glad,3
9,go,4
9,going,1
9,gone,2
9,good,2
9,got,2
9,great,2
9,grief,1
9,ground,1
9,gryphon,20
9,guests,1
9,had,13
9,hadn,1
9,half,4
9,hasn,2
9,have,10
9,having,1
9,he,14
9,head,3
9,hear,2
9,heard,5
9,heart,1
9,heavy,1
9,height,1
9,help,1
9,her,19
9,here,4
9,hers,1
9,herself,6
9,hid,1
9,him,6
9,his,8
9,history,3
9,hjckrrh,1
9,hold,1
9,holiday,1
9,hollow,1
9,hopeful,1
9,hottempered,1
9,hour,1
9,hours,2
9,how,5
9,however,2
9,hurried,1
9,hurry,1
9,i,44
9,idea,1
9,if,9
9,imagine,1
9,in,30
9,indignantly,1
9,inquired,1
9,interesting,1
9,interrupted,2
9,into,5
9,is,18
9,is.,2
9,isn,1
9,it,39
9,it.,4
9,its,2
9,itself,1
9,ix,1
9,just,2
9,keeping,2
9,kind,1
9,king,2
9,kitchen,2
9,knew,1
9,know,9
9,lady,2
9,large,2
9,last,4
9,laughing,1
9,lazy,1
9,learn,2
9,learned,1
9,learnt,1
9,leave,1
9,leaving,1
9,ledge,1
9,left,3
9,less,1
9,lessen,1
9,lessons,3
9,let,1
9,life,1
9,lifted,1
9,like,8
9,linked,1
9,little,10
9,lives,1
9,living,1
9,ll,1
9,lonely,1
9,long,1
9,longer,1
9,look,3
9,looked,3
9,loud,1
9,love,2
9,low,2
9,lying,1
9,m,5
9,made,3
9,majesty,1
9,make,2
9,makes,5
9,manage,1
9,many,1
9,master,2
9,mayn,1
9,means,1
9,meanstomakeanythingprettier.,1
9,merely,1
9,met,1
9,middle,1
9,might,3
9,minding,1
9,mine,1
9,mineral,1
9,minutes,1
9,mock,26
9,modern,1
9,moment,3
9,moral,8
9,morals,1
9,more,5
9,much,6
9,music,1
9,music.,1
9,must,4
9,mustard,2
9,mustardmine,1
9,my,4
9,myself,1
9,mystery,2
9,near,1
9,nearer,1
9,nearly,2
9,needn,1
9,never,11
9,new,2
9,next,2
9,nine,1
9,no,4
9,nobody,2
9,not,13
9,nothing,3
9,now,6
9,number,1
9,occasional,1
9,of,46
9,off,10
9,oh,3
9,old,5
9,on,18
9,on.,1
9,once,2
9,one,5
9,only,6
9,or,6
9,ordered,3
9,other,2
9,others,1
9,otherwise,2
9,otherwise.,1
9,ought,1
9,ours,1
9,out,4
9,over,1
9,own,1
9,pardoned.,1
9,patiently,1
9,pause,1
9,paws,2
9,people,2
9,pepper,3
9,perhaps,2
9,picture,1
9,pigs,1
9,pitied,1
9,plan,1
9,players,2
9,playing,1
9,pleasant,1
9,pleased,2
9,politely,1
9,poor,1
9,pray,1
9,present,2
9,presents,1
9,proud,1
9,put,2
9,putting,1
9,quarrelling,1
9,queen,14
9,question,1
9,questions,1
9,quite,8
9,rather,1
9,re,3
9,ready,2
9,real,1
9,really,2
9,reason,2
9,reeling,1
9,regular,1
9,relief,1
9,remark,3
9,remarked,2
9,remarking,1
9,remember,1
9,replied,4
9,rest,1
9,resting,1
9,right,4
9,rock,1
9,round,2
9,rubbed,1
9,rude,1
9,rule,1
9,s,24
9,sad,1
9,safe,1
9,said,57
9,same,2
9,sat,4
9,savage,2
9,saw,3
9,say,8
9,say.,1
9,saying,1
9,says,1
9,school,4
9,sea,2
9,sea.,1
9,seaography,1
9,secondly,1
9,see,4
9,seem,1
9,seemed,1
9,seen,1
9,sense,1
9,sentence,1
9,sentenced,1
9,shade,1
9,shall,3
9,sharp,3
9,sharply,1
9,she,36
9,should,1
9,shoulder,2
9,shouted,1
9,shouting,1
9,show,1
9,side,1
9,sigh,3
9,sighing,2
9,sight,1
9,silence,1
9,silent,1
9,simple,1
9,simpleton.,1
9,simply,1
9,sink,1
9,sir,1
9,sit,1
9,sitting,1
9,slowly,2
9,so,17
9,sobbing,2
9,soldiers,1
9,some,2
9,somebody,1
9,something,2
9,soon,1
9,sorrow,2
9,sort,1
9,sounds,1
9,soup,2
9,sourand,1
9,speak,2
9,spoke,3
9,squeezed,1
9,stamping,1
9,startled,1
9,stay,1
9,stiff,1
9,still,2
9,stingy,1
9,stood,1
9,story,2
9,stretching,1
9,subject,1
9,subjects,1
9,such,3
9,sun,1
9,suppose,1
9,surprise,2
9,sweettempered,1
9,t,29
9,take,4
9,taken,2
9,talk,2
9,taught,3
9,tears,1
9,tell,4
9,temper,2
9,ten,1
9,than,3
9,thank,1
9,that,36
9,that.,1
9,the,143
9,their,4
9,them,6
9,themselves.,1
9,then,12
9,there,7
9,these,2
9,they,20
9,thing,5
9,things,3
9,think,4
9,thinking,3
9,this,6
9,those,1
9,though,4
9,thought,7
9,thunderstorm,1
9,till,2
9,time,4
9,tis,3
9,to,71
9,together,2
9,together.,1
9,tone,5
9,tongue,1
9,too,3
9,took,2
9,tortoise,3
9,tremble,1
9,tried,1
9,trouble,2
9,true,1
9,try,1
9,tucked,1
9,turn,1
9,turned,1
9,turtle,26
9,turtle.,1
9,turtlewe,1
9,tut,2
9,twelfth,1
9,uglification,2
9,uglify,1
9,uglifying,1
9,ugly,1
9,uncomfortably,1
9,under,1
9,understand,1
9,unhappy,1
9,up,8
9,upon,2
9,us,2
9,used,3
9,usual,1
9,ve,4
9,vegetable,1
9,venture,1
9,ventured,2
9,very,13
9,vinegar,1
9,voice,4
9,waist,1
9,waited,2
9,walked,3
9,wanted,1
9,wants,1
9,warning,1
9,was,23
9,was.,1
9,washing,1
9,washingextra.,1
9,wasn,2
9,watched,1
9,way,2
9,we,7
9,weak,1
9,week,1
9,well,6
9,went,13
9,were,8
9,what,20
9,when,4
9,whispered,1
9,who,5
9,whole,1
9,whom,1
9,why,3
9,will,1
9,wish,1
9,with,16
9,withoutmaybe,1
9,won,1
9,wondering,1
9,word,3
9,words,3
9,world,1
9,worried,1
9,would,5
9,wouldn,1
9,writhing,1
9,written,1
9,yes,3
9,yet,1
9,yet.,1
9,you,41
9,young,2
9,your,8
9,yours,1
9,yours.,1
9,yourself,3
10,,7
10,[,2
10,],2
10,a,51
10,about,12
10,accounting,1
10,across,1
10,added,1
10,advance,3
10,adventures,2
10,adventures.,1
10,adventuresbeginning,1
10,after,1
10,again,7
10,air,1
10,alice,30
10,all,16
10,all.,1
10,along,1
10,an,2
10,and,65
10,another,2
10,answer,1
10,answered,1
10,any,2
10,anything,1
10,anywhere,1
10,are,7
10,around,1
10,as,18
10,askance,1
10,asked,1
10,at,11
10,authority,1
10,back,5
10,baked,1
10,banquet,1
10,be,6
10,beauootiful,4
10,beautiful,12
10,because,1
10,been,2
10,before,2
10,before.,1
10,began,5
10,begin.,1
10,beginning,1
10,begins,1
10,begun,1
10,behind,1
10,believe,1
10,believe.,1
10,beloved,1
10,belt,1
10,better,1
10,blacking,1
10,bone,1
10,boon,1
10,boots,3
10,bound,1
10,breath,1
10,breeze,1
10,brown,1
10,but,15
10,buttons,1
10,by,5
10,called,1
10,came,4
10,can,7
10,capering,1
10,cares,1
10,carried,1
10,caterpillar,1
10,change,3
10,chapter,1
10,checked,2
10,cheeks,1
10,child,1
10,choked,2
10,chorus,1
10,cleared,1
10,close,3
10,come,7
10,coming,1
10,concluded,1
10,confusing,1
10,considered,1
10,contemptuous,1
10,continued,3
10,could,8
10,couldn,1
10,courage,1
10,course,5
10,creatures,3
10,cried,5
10,crumbs,2
10,crumbs.,1
10,cry,1
10,curiosity,1
10,curious,2
10,curious.,1
10,d,3
10,dainties,1
10,dance,13
10,dancing,1
10,dancing.,1
10,dare,1
10,declare,1
10,deep,1
10,deeply,2
10,delightful,2
10,did,1
10,different,4
10,dinn,2
10,dish,2
10,disobey,1
10,distance,1
10,do,4
10,does,2
10,don,4
10,done,3
10,down,4
10,dreadful,1
10,dreadfully,1
10,drew,2
10,dropping,1
10,dry,1
10,duck,1
10,each,2
10,eagerly,2
10,editions,2
10,eeevening,3
10,eels,1
10,else,1
10,end,1
10,england,1
10,ennyworth,1
10,even,1
10,evening,2
10,ever,2
10,every,1
10,explain,3
10,explained,1
10,explanations,1
10,eye,1
10,eyelids,1
10,eyes,2
10,eyes.,1
10,face,1
10,faintly,1
10,fall,1
10,far,5
10,fast,1
10,faster,2
10,father,1
10,feeling,1
10,fellow,1
10,felt,1
10,figure,3
10,finished,1
10,first,7
10,fish,3
10,flapper,1
10,followed,1
10,follows,2
10,for,6
10,forepaws,1
10,forgotten,1
10,fork,1
10,form,1
10,france,1
10,friend,1
10,from,4
10,full,1
10,further,1
10,gained,1
10,game,1
10,garden,1
10,garden.,1
10,gave,2
10,gay,1
10,generally,1
10,get,1
10,give,1
10,glad,2
10,go,6
10,going,2
10,got,5
10,gravy,1
10,great,2
10,green,1
10,growl,1
10,gryphon,31
10,had,7
10,hair.,1
10,hand,1
10,hands,1
10,happen,1
10,hardly,1
10,has,1
10,hastily,3
10,have,10
10,haven,1
10,he,13
10,head,1
10,hear,2
10,heard,4
10,her,13
10,here,1
10,herself,2
10,him,4
10,his,17
10,hm,1
10,hot,1
10,how,6
10,however,1
10,hurried,1
10,i,31
10,idea,1
10,if,9
10,impatient,1
10,impatiently,2
10,in,23
10,indeed,3
10,interesting,2
10,interrupted,2
10,into,2
10,introduced,1
10,is,9
10,it,32
10,its,3
10,jellyfish,1
10,join,9
10,journey,1
10,jumping,1
10,just,2
10,keep,1
10,kind,2
10,kindly,2
10,knew,2
10,knife,1
10,know,7
10,know.,1
10,land,1
10,lark,1
10,last,2
10,later,2
10,leave,1
10,lessons,1
10,let,2
10,like,7
10,like.,1
10,line,1
10,lines,1
10,listeners,1
10,little,5
10,lived,1
10,lobster,7
10,lobsters,7
10,long,2
10,longed,1
10,look,1
10,looked,4
10,mad,1
10,made,1
10,make,1
10,makes,1
10,mark,1
10,marked,1
10,matters,1
10,may,2
10,me,3
10,mean,3
10,meat,1
10,melancholy,1
10,might,1
10,minute,1
10,mock,28
10,more,3
10,morning,1
10,most,1
10,mouths,3
10,mouthsand,1
10,much,3
10,must,2
10,my,3
10,natural,1
10,nearer,1
10,nervous,1
10,never,5
10,next,2
10,no,9
10,nonsense.,1
10,nose,2
10,not,17
10,nothing,1
10,notion,1
10,now,3
10,obliged,1
10,of,31
10,off,4
10,offended,2
10,often,2
10,oh,3
10,old,2
10,on,18
10,once,1
10,once.,1
10,one,5
10,only,4
10,opened,1
10,or,3
10,order,2
10,other,2
10,out,7
10,over,3
10,owl,3
10,p,1
10,pale,1
10,panted,1
10,panther,3
10,part,1
10,partner,1
10,partners,1
10,passed,3
10,pennyworth,1
10,perfectly,1
10,perhaps,1
10,permitted,1
10,persisted,1
10,person,1
10,pie,2
10,piecrust,1
10,please,2
10,pocket,1
10,porpoise,3
10,porpoise.,1
10,position,1
10,pretty,1
10,punching,1
10,purpose,1
10,puzzled,2
10,quadrille,4
10,queer,1
10,quiet,1
10,quietly,1
10,rabbit,1
10,ran,2
10,rather,2
10,re,4
10,really,2
10,reason,3
10,received,1
10,recovered,1
10,repeat,5
10,repeated,3
10,repeating,2
10,replied,7
10,retire,1
10,rich,1
10,rises,1
10,round,2
10,running,2
10,s,16
10,sadly,2
10,said,45
10,salmon,1
10,same,2
10,sands,1
10,sang,1
10,sat,2
10,saw,1
10,say,4
10,saying,1
10,scaly,1
10,school,1
10,screamed,1
10,sea,7
10,seals,1
10,seashore,1
10,see,2
10,seen,3
10,set,2
10,shaking,1
10,shall,2
10,share,1
10,sharing,1
10,shark,1
10,sharks,1
10,she,16
10,shinglewill,1
10,shiny,1
10,shoes,4
10,shore,1
10,should,3
10,shouted,1
10,shrimp,1
10,shut,1
10,side,2
10,sighed,2
10,sing,5
10,slowly,1
10,sluggard,1
10,snail,3
10,so,21
10,sobs,2
10,solemnly,2
10,soles,1
10,some,3
10,somersault,1
10,something,1
10,sometimes,1
10,song,5
10,soooop,7
10,sort,1
10,sound,1
10,sounds,1
10,soup,12
10,speak,1
10,spoon,1
10,stand,1
10,still,1
10,stoop,1
10,stuff,1
10,subject,1
10,such,2
10,suddenly,1
10,sugar,1
10,sure,1
10,surprise,1
10,swim,1
10,t,18
10,tail,1
10,tails,3
10,take,2
10,takes,1
10,taking,1
10,talk,1
10,tasted,1
10,tastes,1
10,tears,1
10,tell,4
10,telling,1
10,than,1
10,thank,2
10,thanked,1
10,that,15
10,that.,1
10,the,158
10,their,8
10,them,11
10,then,5
10,then.,1
10,there,2
10,they,16
10,theyyou,1
10,thing,3
10,things,1
10,think,1
10,this,4
10,thoroughly,1
10,though,1
10,thought,3
10,thoughtfully,2
10,thoughts,1
10,throat,1
10,throw,2
10,thrown,1
10,tide,1
10,till,1
10,time,4
10,time.,1
10,timid,1
10,timidly,2
10,tis,2
10,to,38
10,toes,2
10,toes.,1
10,told,2
10,tone,6
10,tones,1
10,too,5
10,took,1
10,top,1
10,treading,2
10,treat,1
10,trembling,1
10,tremulous,1
10,trial,2
10,tried,1
10,trims,1
10,try,3
10,tureen,1
10,turn,3
10,turns,1
10,turtle,29
10,turtles,2
10,twice,2
10,two,5
10,uncommon,1
10,under,2
10,up,3
10,upon,1
10,us,4
10,use,2
10,used,1
10,ve,5
10,verse,1
10,verse.,1
10,very,11
10,voice,10
10,waiting,3
10,walk,1
10,want,1
10,was,13
10,wash,1
10,watch,1
10,waving,1
10,way,3
10,we,4
10,well,2
10,went,6
10,were,5
10,what,13
10,when,9
10,where,1
10,which,1
10,while,4
10,white,1
10,whiting,8
10,who,4
10,whole,1
10,whose,1
10,why,5
10,wide,1
10,wildly,1
10,will,14
10,william,1
10,wise,1
10,with,20
10,without,3
10,won,10
10,wondering,2
10,words,3
10,words.,1
10,work,1
10,would,16
10,wouldn,1
10,wrong,2
10,x,1
10,yawned,1
10,yelled,1
10,yes,2
10,yesterday,1
10,you,58
10,your,2
11,,1
11,a,35
11,about,5
11,above,1
11,accusation,1
11,ache,1
11,added,5
11,after,4
11,again,2
11,age,1
11,air,2
11,alice,16
11,all,12
11,an,5
11,and,54
11,angrily,1
11,animals,1
11,answer,1
11,anxious,1
11,anxiously,3
11,any,1
11,anything,1
11,applause,1
11,are,3
11,arminarm,1
11,arms,1
11,arrived,1
11,as,15
11,ask,1
11,asked,1
11,asleep,1
11,assembled,1
11,at,23
11,attempts,1
11,away,3
11,bag,1
11,be,4
11,beasts,1
11,because,2
11,become,1
11,becoming,1
11,been,1
11,before,8
11,beg,1
11,began,8
11,begin,1
11,beginning,1
11,begins,1
11,begun,1
11,begun.,1
11,behead,1
11,behind,2
11,being,2
11,better.,1
11,bill,1
11,birds,2
11,bit,1
11,blasts,2
11,blew,2
11,boldly,1
11,books,1
11,both,1
11,breadandbutter,5
11,breathe.,1
11,bring,1
11,bringing,1
11,busily,1
11,but,9
11,by,5
11,call,3
11,called,1
11,came,1
11,can,5
11,canvas,1
11,cards,1
11,carried,1
11,certainly,1
11,chains,1
11,chance,1
11,chapter,1
11,cheered,2
11,collar,1
11,come,2
11,comfortable,1
11,concert,1
11,confusion,2
11,consider,1
11,continued,2
11,cook,5
11,could,5
11,course,2
11,court,15
11,creatures,2
11,cried,1
11,crossed,2
11,crossexamine,2
11,crowd,1
11,crown,1
11,curious,2
11,cut,1
11,d,2
11,dates,1
11,day,2
11,deal,2
11,dear,1
11,decided,1
11,deep,1
11,denied,1
11,denies,1
11,deny,2
11,did,7
11,didn,2
11,disappeared,1
11,dish,1
11,do,1
11,doing,1
11,don,2
11,done,4
11,door,2
11,dormouse,13
11,down,9
11,dropped,1
11,duchess,1
11,dunce,1
11,each,1
11,eagerly,1
11,encourage,1
11,end,2
11,even,3
11,everything,2
11,evidence,4
11,exclaimed,1
11,executed,2
11,executed.,1
11,explain,1
11,explanation,1
11,eyes,1
11,fact,1
11,fashion.,1
11,fast,1
11,fear,1
11,feeling,1
11,felt,1
11,few,1
11,fidgeted,1
11,fifteenth,1
11,find,1
11,finger,1
11,finish,1
11,finished,3
11,first,5
11,floor,1
11,folding,1
11,followed,1
11,follows,1
11,foot,1
11,for,10
11,for.,1
11,forehead,1
11,forget,1
11,found,1
11,fourteenth,1
11,from,1
11,frontispiece,1
11,frowning,1
11,fumbled,1
11,get,4
11,getting,2
11,girls,1
11,give,3
11,glad,1
11,go,3
11,good,2
11,got,4
11,great,5
11,grow,3
11,growing,1
11,growing.,1
11,gryphon,2
11,guard,1
11,guessed,1
11,guineapig,2
11,guineapigs,2
11,had,10
11,hadn,2
11,hand,4
11,hard,1
11,hardly,1
11,hare,5
11,hastily,2
11,hat,1
11,hatter,20
11,hatter.,1
11,have,6
11,haven,1
11,he,19
11,head,2
11,hearts,3
11,help,1
11,her,9
11,herald,1
11,here,4
11,herself,3
11,him,6
11,his,14
11,how,3
11,however,1
11,hungry,1
11,hunting,1
11,hurriedly,1
11,hurry,1
11,i,35
11,if,5
11,imagine,1
11,immediately,2
11,in,25
11,indignant,1
11,instantly,1
11,instead,1
11,interrupted,2
11,into,3
11,is,1
11,is.,1
11,isn,1
11,it,27
11,judge,2
11,juror,1
11,jurors,3
11,jurors.,1
11,jury,5
11,jurybox,1
11,jurymen,1
11,just,5
11,justice,1
11,keep,1
11,kept,1
11,king,26
11,knave,2
11,knee,1
11,knew,2
11,know,3
11,large,3
11,larger,1
11,last,2
11,leave,2
11,left,3
11,like,1
11,list,3
11,little,5
11,lizard,1
11,ll,4
11,long,1
11,look,4
11,looked,4
11,looking,4
11,loud,1
11,low,1
11,lower,1
11,m,7
11,made,5
11,majesty,4
11,make,3
11,makes,1
11,man,3
11,march,6
11,mark,1
11,may,3
11,me,2
11,meaning,1
11,meant,1
11,meekly,1
11,melancholy,1
11,memorandum,1
11,middle,1
11,mind,1
11,mine,1
11,minutes,1
11,miserable,1
11,moment,1
11,more,2
11,most,1
11,mostly,1
11,mouth,1
11,much,1
11,muddle,1
11,must,5
11,my,6
11,name,2
11,names,1
11,near,2
11,nearly,2
11,neighbour,1
11,nervous,2
11,never,4
11,newspapers,1
11,next,6
11,nice,1
11,no,4
11,none,1
11,nonsense,1
11,not,8
11,not.,1
11,nothing,1
11,now,1
11,now.,1
11,obliged,2
11,of,50
11,off,5
11,officer,1
11,officers,4
11,often,1
11,on,22
11,once,1
11,one,11
11,opportunity,1
11,or,6
11,other,5
11,ought,1
11,out,14
11,outside,1
11,over,6
11,own,1
11,pace,1
11,pack,1
11,pale,1
11,parchment,2
11,pardon,1
11,part.,1
11,pass,1
11,pence,1
11,pencil,1
11,people,1
11,pepper,1
11,pepperbox,1
11,piece,2
11,pinch,1
11,pleased,1
11,poor,5
11,proud,1
11,put,4
11,putting,1
11,puzzled,1
11,queen,9
11,quickly,1
11,quite,5
11,rabbit,8
11,rate,1
11,rather,3
11,re,4
11,read,5
11,reading,1
11,really,1
11,reasonable,1
11,reduced,1
11,refreshments,1
11,relief,1
11,remain,1
11,remarked,1
11,remember,2
11,repeated,1
11,replied,2
11,reply,1
11,rest,1
11,ridiculous,1
11,right,1
11,rightly,1
11,room,1
11,round,4
11,s,7
11,said,40
11,sat,1
11,say,2
11,scroll,2
11,seated,1
11,second,1
11,see,5
11,seem,1
11,seemed,1
11,seen,1
11,sell,1
11,sensation,1
11,sent,1
11,settled,1
11,shall,1
11,shan,1
11,sharply,1
11,she,25
11,shifting,1
11,shillings,1
11,shoes,2
11,shook,1
11,should,1
11,shoulders,1
11,shrieked,1
11,shrill,1
11,side,2
11,sight,2
11,silence,1
11,singers,2
11,sit,1
11,sitting,1
11,sixteenth,1
11,slate,1
11,slates,4
11,sleepy,1
11,slipped,1
11,sneezing,1
11,so,7
11,so.,1
11,soand,1
11,soldier,1
11,some,6
11,soon,1
11,sorts,1
11,speaker,1
11,spectacles,2
11,spell,1
11,spot.,1
11,squeaked,1
11,squeeze,1
11,stand,2
11,standing,1
11,staring,2
11,stole,2
11,stolen,1
11,stopped,1
11,strings,1
11,stupid,3
11,sulkily,1
11,summer,1
11,suppose,1
11,suppress,1
11,suppressed,3
11,surprise,1
11,t,15
11,table,1
11,take,3
11,taking,1
11,talk,1
11,talking,1
11,tarts,5
11,tea,4
11,teacup,3
11,teanot,1
11,tell,1
11,that,24
11,thatonly,1
11,the,183
11,their,6
11,them,9
11,themall,1
11,then,4
11,there,5
11,these,1
11,they,12
11,thinand,1
11,things,3
11,think,1
11,this,10
11,those,2
11,thought,7
11,thoughts,1
11,three,4
11,throne,1
11,tied,1
11,till,2
11,time,3
11,times,1
11,to,40
11,too,2
11,too.,1
11,took,1
11,top,1
11,treacle,1
11,trembled,1
11,trembling,1
11,trial,3
11,trial.,1
11,trials,1
11,trumpet,3
11,turn,1
11,turned,2
11,turning,1
11,twelve,2
11,twinkled,1
11,twinkling,3
11,two,1
11,understood,1
11,undertone,1
11,uneasily,1
11,unrolled,1
11,until,1
11,up,4
11,upon,2
11,use,1
11,ve,4
11,verdict,1
11,very,10
11,voice,6
11,waiting,1
11,want,1
11,was,29
11,watched,1
11,way,2
11,we,1
11,week,1
11,well,5
11,went,4
11,were,7
11,what,9
11,when,4
11,where,1
11,whether,1
11,which,4
11,whiskers,1
11,whispered,2
11,white,7
11,who,9
11,whole,2
11,wig,1
11,wig.,1
11,will,1
11,wish,2
11,with,15
11,without,1
11,witness,8
11,witness.,2
11,word,2
11,wore,1
11,would,4
11,wouldn,1
11,wretched,1
11,write,2
11,writing,2
11,wrote,1
11,xi,1
11,yes,1
11,yet,4
11,you,22
11,your,9
12,,2
12,a,36
12,about,8
12,accident,2
12,accidentally,1
12,added,4
12,adventures,2
12,affair,1
12,afraid,1
12,after,3
12,aftertime,1
12,afterwards.,1
12,again,7
12,ago,1
12,air,2
12,alice,23
12,alive,1
12,all,21
12,always,1
12,an,7
12,and,60
12,anger,1
12,another,1
12,any,3
12,anything,1
12,are,4
12,around,2
12,as,24
12,asked,2
12,at,16
12,atom,2
12,attempted,1
12,away,1
12,baby,1
12,back,4
12,bank,1
12,be,12
12,beat,1
12,became,1
12,become,1
12,been,8
12,before,4
12,beg,1
12,began,3
12,begin,2
12,beginning,2
12,being,3
12,believe,2
12,believed,1
12,below,1
12,besides,1
12,best,2
12,between,2
12,bill,1
12,bit,2
12,book,2
12,boyand,1
12,bright,2
12,brightened,1
12,brushing,1
12,busily,1
12,business,1
12,busy,1
12,but,12
12,by,2
12,bythe,1
12,cackled,1
12,came,2
12,can,6
12,cardboard,1
12,cards,1
12,cares,1
12,cattle,1
12,certainly,2
12,chance,1
12,change,3
12,chapter,1
12,character,1
12,childhood,1
12,childlife,1
12,children,1
12,choking,1
12,clamour,1
12,clapping,1
12,clasped,1
12,clearer,1
12,clever,1
12,closed,1
12,collected,1
12,come,2
12,confused,1
12,consider,2
12,could,7
12,course,3
12,court,2
12,court.,1
12,crashed,1
12,creatures,1
12,cried,1
12,cries,1
12,crowd,1
12,curious,2
12,d,1
12,day,2
12,days,1
12,dead,2
12,dear,3
12,did,3
12,didn,2
12,die,1
12,diligently,1
12,directed,2
12,dishes,1
12,dismay,1
12,distance,1
12,distant,1
12,do,3
12,doesn,2
12,don,5
12,down,6
12,downwards,1
12,dream,6
12,dreamed,1
12,dreaming,1
12,duchess,1
12,dull,1
12,eager,2
12,edge,1
12,else,2
12,emphasis,1
12,end,1
12,end.,1
12,enough,1
12,entirely,1
12,even,2
12,ever,1
12,everybody,2
12,evidence,3
12,exactly,1
12,except,1
12,exclaimed,1
12,executiononce,1
12,explain,2
12,eye,1
12,eyes,3
12,eyesand,1
12,face,2
12,faces,1
12,fact,1
12,far,1
12,farmyardwhile,1
12,fashion,1
12,feel,1
12,feet,1
12,few,2
12,filled,1
12,find,2
12,finger,1
12,finished,1
12,first,3
12,firstverdict,1
12,fit,3
12,fits,1
12,flurry,1
12,fluttered,1
12,flying,1
12,for,5
12,forgetting,1
12,fortytwo,1
12,found,3
12,free,1
12,friends,1
12,fright,1
12,frightened,1
12,from,6
12,frowning,1
12,full,1
12,furiously,1
12,gather,1
12,gave,7
12,gazing,1
12,general,1
12,gently,1
12,get,1
12,getting,1
12,give,1
12,globe,1
12,go,2
12,goes,1
12,goldfish,2
12,gone,1
12,good,1
12,got,2
12,grass,2
12,grave,1
12,gravely,1
12,great,3
12,grown,4
12,gryphon,2
12,guests,1
12,guilt,1
12,guineapigs,1
12,had,23
12,hair,1
12,half,3
12,hand,2
12,handed,1
12,hands,3
12,handwriting,1
12,happy,1
12,hard,1
12,hare,1
12,has,1
12,haste,1
12,hastily,3
12,have,5
12,haven,1
12,having,1
12,he,21
12,head,7
12,heads,1
12,hear,2
12,heard,1
12,heart,1
12,heavy,1
12,her,36
12,here,1
12,hers,2
12,herself,7
12,hersshe,1
12,high,3
12,him,10
12,himself,2
12,his,12
12,history,1
12,hold,1
12,honest,1
12,how,5
12,hurried,1
12,hurry,2
12,i,23
12,idea,2
12,if,6
12,imitated,1
12,important,3
12,importantunimportantunimportantimportant,1
12,in,34
12,ink,1
12,inkstand,1
12,interrupted,1
12,interrupting,1
12,into,5
12,invented,1
12,involved,1
12,is,1
12,isn,3
12,it,36
12,it.,2
12,itonce,1
12,its,2
12,joys,1
12,jumped,1
12,jumping,1
12,jury,10
12,jurybox,3
12,jurymen,4
12,just,5
12,keep,2
12,kept,2
12,king,22
12,kissed,1
12,knave,3
12,knee,3
12,knew,2
12,know,8
12,know.,1
12,lap,1
12,large,2
12,last,2
12,lasted,1
12,lastly,1
12,late.,1
12,laughed,1
12,lay,1
12,leaning,1
12,leave,1
12,leaves,1
12,left,2
12,let,3
12,letter,2
12,like,2
12,liked,1
12,listen,1
12,listened,1
12,little,10
12,lizard,4
12,ll,1
12,long,4
12,look,2
12,looked,3
12,looking,4
12,loudly,1
12,loving,1
12,low,1
12,lowing,1
12,lying,1
12,m,1
12,made,2
12,majesty,4
12,make,1
12,makes,1
12,making,1
12,man.,1
12,many,1
12,march,1
12,mark,1
12,matter,3
12,me,3
12,me.,1
12,meal,1
12,meaning,4
12,means,1
12,meant,2
12,melancholy,1
12,mentioned,1
12,might,1
12,mile,2
12,miles,1
12,mine,1
12,minutes,2
12,mischief,1
12,miserable,1
12,mixed,1
12,mock,2
12,moment,2
12,more,5
12,most,1
12,mouse,1
12,mouth,1
12,move,1
12,moved,1
12,much,4
12,must,6
12,muttering,1
12,my,2
12,name,2
12,near,1
12,nearly,1
12,needn,1
12,neighbouring,1
12,never,2
12,neverending,1
12,no,6
12,nobody,2
12,noises,1
12,none,1
12,nonsense,1
12,not,9
12,notebook,2
12,nothing,7
12,notion,1
12,now,3
12,now.,1
12,number,1
12,obstacle,1
12,of,58
12,off,5
12,offended,1
12,oh,2
12,oldest,1
12,on,18
12,once,2
12,one,8
12,only,2
12,open,2
12,opened,1
12,or,5
12,ordering,1
12,other,2
12,other.,1
12,ought,1
12,ourselves,1
12,out,5
12,outside.,1
12,over,3
12,overcome,1
12,own,1
12,pack,2
12,pale,1
12,paper,3
12,pardon,1
12,pencils,1
12,perhaps,1
12,persisted,1
12,persons,1
12,picked,1
12,picking,1
12,pictured,1
12,piece,1
12,pigbaby,1
12,place,2
12,placesall,1
12,plates,1
12,please,3
12,pleasure,1
12,pointing,1
12,pool,1
12,poolshe,1
12,poor,1
12,prisoner,2
12,proceed,1
12,proper,1
12,prove,1
12,proves,2
12,pun,1
12,purple,1
12,push,1
12,put,4
12,puzzled,1
12,queen,10
12,queer,2
12,queerest,1
12,quickly,1
12,quite,3
12,rabbit,8
12,ran,2
12,rate,1
12,rattle,1
12,rattling,1
12,re,3
12,read,3
12,reading,1
12,realitythe,1
12,really,1
12,recovered,1
12,reedsthe,1
12,regular,1
12,remember,1
12,remembering,1
12,reminding,1
12,repeated,1
12,respectful,1
12,rest,1
12,returned,2
12,right,2
12,riper,1
12,rippling,1
12,roof,1
12,rose,1
12,round,1
12,rubbing,1
12,rule,3
12,run,1
12,running,1
12,rustled,1
12,rustling,1
12,s,24
12,sadly,1
12,said,51
12,same,1
12,sat,2
12,saves,1
12,saw,1
12,scream,1
12,secret,1
12,see,3
12,seem,1
12,seemed,2
12,seems,1
12,sent,1
12,sentence,2
12,set,3
12,setting,1
12,shall,1
12,shan,1
12,shared,1
12,she,41
12,sheepbells,1
12,shepherd,1
12,shock,1
12,shook,1
12,should,3
12,shouted,1
12,shriek,2
12,shrill,2
12,shut,1
12,sign,1
12,signed,2
12,signifies,1
12,silence,2
12,simple,3
12,sister,7
12,sit,1
12,sixpence,1
12,size,1
12,skirt,1
12,slate,1
12,slatepencil,1
12,slates,4
12,sleep,1
12,smile,1
12,sneeze,1
12,sneezing,1
12,so,6
12,sobs,2
12,some,6
12,somebody,1
12,somebody.,1
12,soon,2
12,sorrows,1
12,sort,2
12,sounded,1
12,spectacles,1
12,splashed,1
12,spoke,3
12,sprawling,1
12,spreading,1
12,squeaking,1
12,still,2
12,stop.,1
12,strange,3
12,stuff,1
12,such,2
12,summer,1
12,sun,1
12,suppressed,1
12,swim,3
12,t,19
12,table,1
12,tail,1
12,take,1
12,tale,1
12,tarts,2
12,tea,1
12,teacups,2
12,than,2
12,that,25
12,the,164
12,their,10
12,them,13
12,then,4
12,there,10
12,these,2
12,they,16
12,thing,3
12,think,2
12,thinking,2
12,this,14
12,though,2
12,thought,1
12,three,1
12,through,2
12,throwing,1
12,till,2
12,time,3
12,tinkling,1
12,tiny,1
12,tipped,1
12,to,50
12,told,2
12,tone,3
12,tones,1
12,tongue,1
12,too,2
12,top,1
12,toss,1
12,toto,1
12,trees,1
12,trembling,1
12,trial,2
12,trickling,1
12,tried,1
12,triumphantly,1
12,trouble,1
12,true,2
12,trusts,1
12,try,1
12,trying,1
12,turned,1
12,turning,3
12,turtle,2
12,twentieth,1
12,two,3
12,unable,1
12,undertone,1
12,unfolded,1
12,unfortunate,2
12,unimportant,2
12,unimportant.,1
12,unless,1
12,until,1
12,up,11
12,up.,1
12,upon,3
12,upset,2
12,upsetting,1
12,us,1
12,use,1
12,using,1
12,usual,1
12,vague,1
12,ve,3
12,verdict,2
12,verses,3
12,verses.,1
12,very,6
12,voice,6
12,wake,1
12,wandering,1
12,was,12
12,wasn,1
12,watching,1
12,waving,2
12,way,3
12,we,5
12,week,1
12,well,3
12,went,3
12,were,7
12,what,7
12,whatever,2
12,when,2
12,where,1
12,which,3
12,while,2
12,white,8
12,who,5
12,whole,2
12,why,4
12,wind,1
12,with,15
12,woman,1
12,won,1
12,wonderful,2
12,wonderland,2
12,word,2
12,words,1
12,work,1
12,world,1
12,worse,1
12,would,13
12,write,3
12,writing,2
12,written,3
12,wrote,2
12,xii,1
12,years,1
12,yet,4
12,you,26
12,your,9
12,yourself,1
